Problem,n,m,p,pure_equality,Warm-IP_time,Warm-IP_iters,Warm-IP_stop,Warm-IP_obj,Warm-IP_primal_res,Warm-IP_dual_res,Warm-IP_dual_gap,Warm-IP_kkt_max,IP_time,IP_iters,IP_stop,IP_obj,IP_primal_res,IP_dual_res,IP_dual_gap,IP_kkt_max,PIQP_time,PIQP_obj,PIQP_primal_res,PIQP_dual_res,PIQP_dual_gap,PIQP_kkt_max,MOSEK_time,MOSEK_obj,MOSEK_primal_res,MOSEK_dual_res,MOSEK_dual_gap,MOSEK_kkt_max,MOSEK_error,Clarabel_time,Clarabel_obj,Clarabel_primal_res,Clarabel_dual_res,Clarabel_dual_gap,Clarabel_kkt_max,OSQP_time,OSQP_obj,OSQP_primal_res,OSQP_dual_res,OSQP_dual_gap,OSQP_kkt_max,Gurobi_time,Gurobi_obj,Gurobi_primal_res,Gurobi_dual_res,Gurobi_dual_gap,Gurobi_kkt_max,Warm-IP_error,IP_error
MM_001_AUG2D,20200,0,10000,1,0.0815224647521972,1.0,closed_form,1677511.7528967373,7.049916206369716e-15,4.8825421545714776e-15,2.775903113127653e-16,7.049916206369716e-15,0.0810003280639648,1.0,closed_form,1677511.7528967373,7.049916206369716e-15,4.8825421545714776e-15,2.775903113127653e-16,7.049916206369716e-15,0.0470075607299804,1677511.7353524228,4.441598810966921e-09,8.117226364550025e-14,1.0458751560777865e-08,1.0458751560777865e-08,199.5591025352478,1677511.1947640209,1.6017987050642624e-06,0.0001116696031886,0.0001006043978334,0.0001116696031886,,0.0125160217285156,1677511.7528967368,7.160938508832209e-15,4.933401968681598e-15,5.551806226255305e-16,7.160938508832209e-15,0.0350003242492675,1677511.174546779,1.465974347279988e-07,3.856982486002672e-11,3.4475846489089105e-07,3.4475846489089105e-07,0.0896574000362306,1677511.752896737,6.383782391594611e-15,9.714224495033113e-13,2.000176988164131e-12,2.000176988164131e-12,,
MM_002_AUG2DC,20200,0,10000,1,0.0800025463104248,1.0,closed_form,1808268.0655702013,7.049916206369719e-15,5.2423761967501736e-15,6.437942452453861e-16,7.049916206369719e-15,0.0788426399230957,1.0,closed_form,1808268.0655702013,7.049916206369719e-15,5.2423761967501736e-15,6.437942452453861e-16,7.049916206369719e-15,0.0465238094329834,1808268.043443477,5.181111928376225e-09,9.106756407336379e-14,1.223664910919232e-08,1.223664910919232e-08,0.5628781318664551,1808256.391099417,3.210135555176107e-05,0.0004695477117465,0.0002242116737597,0.0004695477117465,,0.0130002498626708,1808268.0655702013,7.049916206369713e-15,4.6931748809001546e-15,3.862765471472317e-16,7.049916206369713e-15,0.0335183143615722,1808266.9324011728,2.6565966923911224e-07,3.763346127778372e-11,6.266522239153565e-07,6.266522239153565e-07,0.0865664999000728,1808268.065570202,7.049916206369714e-15,9.452253919702569e-13,2.0054190739393784e-12,2.0054190739393784e-12,,
MM_003_AUG2DCQP,20200,20200,10000,0,1.0857322216033936,17.0,converged,6488034.670830952,3.366990852723081e-09,4.990543869119632e-12,1.0186109284236589e-08,1.0186109284236589e-08,0.8114879131317139,14.0,converged,6488034.675058227,3.224185746168984e-09,3.583776827719132e-12,9.960166184491281e-09,9.960166184491281e-09,0.1475336551666259,6488034.740638729,2.271682841836506e-12,1.484601638371857e-09,2.1184092816273e-09,2.1184092816273e-09,1.1463603973388672,6487904.033947186,4.418157692315176e-05,5.507679384127955e-06,2.7370150337827948e-05,4.418157692315176e-05,,0.2258782386779785,6488034.819915053,1.4155343563970594e-14,5.84560444011141e-12,1.3422134885108294e-07,1.3422134885108294e-07,1.5736429691314695,6488037.006966225,5.1617772567361316e-09,6.52983291232238e-09,3.201858071521467e-07,3.201858071521467e-07,0.2007561000064015,6488034.740392864,7.160938508832209e-15,3.3487691861028236e-10,3.5358411295435434e-10,3.5358411295435434e-10,,
MM_004_AUG2DQP,20200,20200,10000,0,1.008298635482788,16.0,converged,6227111.750911521,1.4611547461859564e-08,3.945614164540507e-12,4.0329503048138135e-08,4.0329503048138135e-08,0.8208284378051758,14.0,converged,6227111.973609259,2.9960837676441763e-09,3.2388112623807712e-12,7.512600714430448e-09,7.512600714430448e-09,0.1615314483642578,6227112.034615437,2.111089081324705e-13,1.570921866639971e-09,3.136374419214825e-09,3.136374419214825e-09,,,,,,,"SolverError: Solver 'MOSEK' failed. Try another solver, or solve with verbose=True for more information.",0.2625825405120849,6227112.26476045,1.0713652187632647e-14,8.569545129508433e-13,1.6533277887926454e-07,1.6533277887926454e-07,1.4244308471679688,6227112.320276358,5.270575639812917e-10,4.997496023839843e-12,4.774771896597864e-08,4.774771896597864e-08,0.2202857999363914,6227112.027067642,1.0713652187632647e-14,3.561450925492078e-11,5.263549110390344e-10,5.263549110390344e-10,,
MM_005_AUG3D,3873,0,1000,1,0.04099702835083,1.0,closed_form,-782.4322742074723,6.106226635438358e-16,2.767250834076526e-16,5.804552171998414e-16,6.106226635438358e-16,0.0395312309265136,1.0,closed_form,-782.4322742074723,6.106226635438358e-16,2.767250834076526e-16,5.804552171998414e-16,6.106226635438358e-16,0.0060012340545654,-782.4323513694253,6.841181515040545e-08,1.2946616686411538e-10,9.903987870815096e-08,9.903987870815096e-08,3.282015800476074,-782.4322889826342,3.372780246757577e-07,4.61682204163799e-05,0.0001710000009498,0.0001710000009498,,0.0020015239715576,-782.4322742074728,2.9420910152566558e-15,3.320701000891832e-16,2.3218208687993645e-15,2.9420910152566558e-15,0.0050075054168701,-782.432273614711,8.868608617391291e-10,3.357808726772941e-10,2.4483885443124703e-09,2.4483885443124703e-09,0.0156725000124424,-782.4322742066079,6.7168492989821655e-15,7.507483907290226e-07,7.912143023288388e-07,7.912143023288388e-07,,
MM_006_AUG3DC,3873,0,1000,1,0.0379970073699951,1.0,closed_form,-1165.2375613110407,7.216449660063516e-16,2.6426341358890825e-16,0.0,7.216449660063516e-16,0.0390028953552246,1.0,closed_form,-1165.2375613110407,7.216449660063516e-16,2.6426341358890825e-16,0.0,7.216449660063516e-16,0.0070002079010009,-1165.237669794004,8.2981107960433e-08,1.4242612403758947e-10,9.339986374432713e-08,9.339986374432713e-08,0.1300485134124755,-1165.2375797069249,8.073191004598357e-09,3.2850175434339574e-05,0.0001278787907652,0.0001278787907652,,0.0020005702972412,-1165.2375613110412,1.054711873393898e-15,4.698016241580592e-16,1.7546708722780654e-15,1.7546708722780654e-15,0.0049993991851806,-1165.2375610458075,7.918607430159701e-10,3.5414685860093983e-10,1.35839853547107e-09,1.35839853547107e-09,0.0218588999705389,-1165.2375613098056,8.548717289613642e-15,7.625292713907547e-07,1.1410819786240272e-06,1.1410819786240272e-06,,
MM_007_AUG3DCQP,3873,3873,1000,0,0.2741203308105469,7.0,converged,-943.1376321164752,1.7280438190676702e-10,1.5738829495669402e-09,4.000301250162319e-07,4.000301250162319e-07,0.273784875869751,10.0,converged,-943.1377258460498,5.989325701701735e-11,2.024885401038973e-09,2.313969444408599e-07,2.313969444408599e-07,0.0270001888275146,-943.137783331914,6.344924585732479e-14,2.3148253905289806e-07,2.56706946587919e-07,2.56706946587919e-07,0.1525378227233886,-943.1372240619452,1.1214343448306965e-07,6.253953830428886e-06,1.721208160971956e-06,6.253953830428886e-06,,0.0340096950531005,-943.1377464711304,9.436895709313825e-16,4.547024143665184e-14,2.5780869483837604e-07,2.5780869483837604e-07,0.017000675201416,-943.1379885965262,3.190906691513005e-07,2.601157195657753e-07,2.417217443532076e-07,3.190906691513005e-07,0.0540000000037252,-943.1377254904072,8.326672684688668e-16,9.203113493157342e-08,2.3496950838564127e-07,2.3496950838564127e-07,,
MM_008_AUG3DQP,3873,3873,1000,0,1.9562911987304688,30.0,stalled,-661.2578876629768,5.733894507014658e-09,3.697464997566407e-07,1.4191524302889683e-05,1.4191524302889683e-05,1.460399866104126,30.0,stalled,-661.2584937135016,3.760982233712938e-09,1.4506262984639955e-09,1.2290577979087677e-05,1.2290577979087677e-05,0.0271952152252197,-661.2618684475874,2.609024107869112e-15,3.1705294664152895e-11,1.4906356444237406e-06,1.4906356444237406e-06,3.3441238403320312,-661.2612693099813,8.799069353693228e-07,0.000441704685715,0.0003256818769228,0.000441704685715,,0.0359995365142822,-661.2622412126784,1.0547118733938977e-15,4.0157128147258953e-16,3.712128950480261e-07,3.712128950480261e-07,0.0170016288757324,-661.2623283874564,5.042136421952554e-09,5.2059139205478015e-08,1.971098229239968e-10,5.2059139205478015e-08,0.0531969000585377,-661.2621464702083,8.326672684688667e-16,8.635410730267307e-09,5.868946473264283e-07,5.868946473264283e-07,,
MM_009_BOYD1,93261,93261,18,0,,,,,,,,,,,,,,,,,1.060365915298462,-61735219.43818519,1.5494791666662512e-14,4.1103930796914325e-08,6.368308332819052e-08,6.368308332819052e-08,4.082878589630127,-61772270.7636843,0.0004597458332178,0.0004587601336951,0.0042186209263326,0.0042186209263326,,6.928172826766968,-61735210.08134654,9.11458333333082e-15,2.332520829333729e-05,1.228584290035881e-12,2.332520829333729e-05,20.198984146118164,-61733164.49298835,1.3150970693197877e-07,0.0006137054487968,6.446764239935599e-05,0.0006137054487968,0.7016897000139579,-61735216.72783923,8.463541666664339e-15,2.611586173785225e-15,2.947007300994086e-07,2.947007300994086e-07,OSError: exception: access violation writing 0x000002629145A000,"solver process died (exit code 3221225477), likely a native crash inside the solver library"
MM_010_BOYD2,93263,279785,9,0,,,,,,,,,,,,,,,,,3.5577454566955566,21.256788806143646,1.2856942635935684e-14,1.608297436434628e-07,5.657007831120165e-07,5.657007831120165e-07,,,,,,,timed out after 360 s (terminated),18.26800656318665,58.23999486981822,5.227548104721169e-15,0.0162071191390654,6.177180335405861e-05,0.0162071191390654,22.22751379013061,2126575.3886635355,4.410767714905052e-05,0.0001055516551552,1.9987350506812744,1.9987350506812744,4.48418050003238,21.25676709653218,2.684416594316276e-15,2.185649532550236e-08,8.79783498786339e-08,8.79783498786339e-08,timed out after 360 s (terminated),timed out after 360 s (terminated)
MM_011_CONT-050,2597,5194,2401,0,0.3855900764465332,21.0,converged,-4.56385112152492,1.1818090049150788e-08,4.423048898687972e-12,3.3761067127719266e-08,3.3761067127719266e-08,0.2724320888519287,11.0,converged,-4.563850977769179,5.643343351937337e-09,6.397877425674358e-14,3.1718484146474445e-08,3.1718484146474445e-08,0.0835185050964355,-4.563850740951257,4.3130594994970893e-13,1.698246871467151e-09,1.3087463980683776e-06,1.3087463980683776e-06,0.2785825729370117,-4.563598726421462,1.3333509333837292e-08,4.622324077352078e-06,0.0030191785240256,0.0030191785240256,,0.0712478160858154,-4.5638508967949765,8.538074898765036e-13,6.972122854727219e-17,9.774101896182415e-08,9.774101896182415e-08,0.7339224815368652,-4.56385190257605,3.194531591174413e-07,2.4469317359812688e-11,1.932747126623392e-07,3.194531591174413e-07,0.0897268999833613,-4.563850904238407,2.209707284875213e-15,3.584945003893559e-10,8.29194879446219e-09,8.29194879446219e-09,,
MM_012_CONT-100,10197,20394,9801,0,1.3001329898834229,30.0,converged,-4.644404309561389,8.130529366866974e-08,1.0091089554378784e-11,7.557851315359858e-07,7.557851315359858e-07,0.6712071895599365,12.0,converged,-4.644411662891792,1.7984755270387241e-07,2.9603455378427053e-13,3.507038227401129e-07,3.507038227401129e-07,0.724837064743042,-4.644397867763042,1.2608946654577497e-13,7.176954764146589e-12,2.1232958772442216e-08,2.1232958772442216e-08,0.8543684482574463,-4.640530711482007,2.0988641849021124e-08,6.135740225515876e-06,0.0221553622989092,0.0221553622989092,,1.7178409099578855,-4.644397855656697,8.487160575130816e-14,9.178467574213244e-17,6.376466736363527e-07,6.376466736363527e-07,6.494435787200928,-4.64602857754146,0.0002630908607895,5.829641150706535e-08,0.0001068583640431,0.0002630908607895,0.2992654000408947,-4.644397868762897,1.996143880041172e-15,4.624341804676752e-10,4.0429739889414664e-09,4.0429739889414664e-09,,
MM_013_CONT-101,10197,20394,10098,0,0.6358804702758789,10.0,converged,0.1955273888444142,6.433158238920777e-11,2.2195419541964216e-10,6.454197140523325e-07,6.454197140523325e-07,10.246618509292604,25.0,diverged,0.1955290628452876,5.472557757648113e-11,1.7015360977878214e-06,0.0002703667228317,0.0002703667228317,0.619940996170044,0.1955273491144562,1.3807782959332126e-10,1.32290637227983e-10,1.891922118382605e-07,1.891922118382605e-07,27.78010845184326,0.1955890850400282,9.357517789732566e-09,1.2782199619693858e-05,0.0017650474959941,0.0017650474959941,,2.0728137493133545,0.1955273254625219,1.4385351308951885e-12,2.799112637325577e-16,1.8873705274660894e-07,1.8873705274660894e-07,7.189912796020508,1.846297423716153,0.0018259851411231,1.9299129343964185e-07,1.0489596598888984,1.0489596598888984,0.2562772000674158,0.1955273244591152,2.09398329363894e-09,2.440356095177307e-10,6.826146132885498e-10,2.09398329363894e-09,,
MM_014_CONT-200,40397,80794,39601,0,2.8075499534606934,13.0,converged,-4.684875919599348,1.764922922396181e-13,1.8742717118540764e-10,6.85337741898233e-08,6.85337741898233e-08,83.56888818740845,30.0,stalled,-4.68486247872952,6.043757907633624e-11,2.766623301982358e-07,0.0004194473747907,0.0004194473747907,7.109777927398682,-4.684875915949828,7.08689156417776e-13,8.233807793591373e-12,4.884266744587804e-08,4.884266744587804e-08,3.661061763763428,-4.671677127784838,9.136469302933372e-09,1.1688199609861354e-05,0.0353705374921701,0.0353705374921701,,11.082087755203249,-4.684875916830761,2.476612517569974e-12,1.1420938749986375e-16,5.7048287190782456e-08,5.7048287190782456e-08,47.21200251579285,-3.5369548016886285,0.0034616651135555,7.175463628424721e-06,0.7966084897996332,0.7966084897996332,0.985834600054659,-4.684875920353236,2.8300873499881413e-15,4.9867774955306865e-09,2.5395723802351723e-08,2.5395723802351723e-08,,
MM_015_CONT-201,40397,80794,40198,0,2.419032573699951,11.0,converged,0.1924833727273358,3.169431268490368e-13,8.50433182919197e-10,7.709950663645819e-08,7.709950663645819e-08,87.56138062477112,30.0,stalled,0.1924842653458474,2.8626640353583598e-11,5.373640876501426e-06,0.0006811978796701,0.0006811978796701,5.553179979324341,0.1924833815344507,3.9677686610521705e-10,1.5810420031529335e-11,9.920377497805733e-08,9.920377497805733e-08,,,,,,,timed out after 360 s (terminated),11.29313063621521,0.1924833747467798,1.2878654782177708e-12,2.4687989108001753e-16,7.024615641083457e-07,7.024615641083457e-07,49.9789628982544,1.3089482501872536,0.0024912243721812,4.638989876767431e-06,1.0516347823703902,1.0516347823703902,0.8638673999812454,0.1924833728011772,1.4784514534036716e-08,2.282234810968179e-09,1.07463266709018e-10,1.4784514534036716e-08,,
MM_016_CONT-300,90597,181194,90298,0,14.130375862121582,14.0,diverged,0.1915125241698014,3.4778696077057204e-11,8.667441833119307e-09,7.021544226805219e-06,7.021544226805219e-06,196.53151893615723,30.0,stalled,0.192440833723959,2.435619249316362e-11,0.0022006417579587,0.0017255951906622,0.0022006417579587,23.85895872116089,0.1915122903524427,2.2682663746147667e-10,8.601869860229363e-12,7.612924040104559e-08,7.612924040104559e-08,,,,,,,timed out after 360 s (terminated),17.965832948684692,0.191512286824672,4.801405017662946e-12,2.908439416923509e-16,5.240308784252965e-08,5.240308784252965e-08,148.1399123668671,7.087864119023163,0.0094376102947652,1.1020855177856132e-06,1.1894750632829358,1.1894750632829358,1.9135205999482423,0.19151228615233,5.282840658247469e-09,7.751636290868393e-10,1.4515110212524395e-10,5.282840658247469e-09,,
MM_017_CVXQP1_L,10000,20000,5000,0,2.167693853378296,20.0,converged,108704805.76419826,6.532497174263041e-09,2.2715469851943798e-09,3.772345957056017e-07,3.772345957056017e-07,1.3637285232543943,17.0,converged,108704801.66827518,3.1665844540524883e-10,6.127061289610942e-10,6.865894236694442e-08,6.865894236694442e-08,27.52796220779419,108704802.41745453,2.8811188349305184e-10,8.553863351447227e-07,5.5728228175047135e-08,8.553863351447227e-07,281.39882826805115,108704611.6776173,1.1453014336238405e-06,1.84177021725366e-06,3.119875007730769e-07,1.84177021725366e-06,,6.371724367141724,108704802.43867044,1.1625240451472131e-10,2.9184350406504033e-13,8.981800614912887e-08,8.981800614912887e-08,32.74855709075928,108703555.78972311,6.819763247291206e-06,7.432776251579076e-06,1.1384189291499287e-05,1.1384189291499287e-05,27.68363470002077,108704878.46019553,8.356168524577926e-07,3.5827088407929185e-11,7.354236404214307e-07,8.356168524577926e-07,,
MM_018_CVXQP1_M,1000,2000,500,0,0.2610929012298584,14.0,converged,1087511.602932739,9.928418115977125e-09,1.3225377459956506e-11,1.23186290227013e-07,1.23186290227013e-07,0.2185709476470947,12.0,converged,1087511.5930209253,2.727088396299172e-11,5.547754297313482e-09,4.4033628079183336e-08,4.4033628079183336e-08,0.0697221755981445,1087512.5628362177,4.4036875715682877e-10,8.103822528866902e-07,1.712864093214241e-06,1.712864093214241e-06,2.2345685958862305,1087511.3125912976,8.57056858499001e-08,4.54949124195194e-06,1.753339220567399e-07,4.54949124195194e-06,,0.2241113185882568,1087511.625459839,9.504534293419323e-10,1.5166445989193984e-14,1.294196786929828e-07,1.294196786929828e-07,0.2851731777191162,1087511.55372148,5.698686567672352e-07,6.579889994606868e-09,1.2558140322178127e-08,5.698686567672352e-07,0.1534419000381603,1087511.647687504,9.15922867300016e-09,9.227630827510096e-12,1.1911898065437701e-07,1.1911898065437701e-07,,
MM_019_CVXQP1_S,100,200,50,0,0.1598172187805175,7.0,converged,11590.719806310371,1.3729664606165133e-08,1.3497469783052722e-10,7.902869643433118e-07,7.902869643433118e-07,0.1486227512359619,9.0,converged,11590.719217593269,1.4839938801478622e-11,7.800900177105253e-11,1.551826637738956e-07,1.551826637738956e-07,0.0059998035430908,11590.725164372943,7.343674874014696e-11,2.174846162617203e-07,1.2301944973558804e-06,1.2301944973558804e-06,0.085010290145874,11590.716097476852,7.4384331836898e-08,1.137105969163438e-05,1.192795700058189e-06,1.137105969163438e-05,,0.0010006427764892,11590.718231248024,3.6795963101860976e-14,8.112373474782766e-16,2.8641087934912026e-08,2.8641087934912026e-08,0.0030000209808349,11590.717703018476,1.586165200384066e-07,6.181836084220753e-07,9.181184642650983e-08,6.181836084220753e-07,0.0133237999398261,11590.718254537742,5.441996060131091e-13,8.774522947477225e-10,4.9510339725157986e-08,4.9510339725157986e-08,,
MM_020_CVXQP2_L,10000,20000,2500,0,1.0007798671722412,6.0,converged,81842472.37341154,2.35489374831191e-08,7.632476312443994e-09,3.944733900626972e-07,3.944733900626972e-07,0.7394459247589111,10.0,converged,81842480.37534231,1.988113800177267e-10,1.4304992960776404e-09,4.852834184954523e-07,4.852834184954523e-07,15.333652973175049,81842458.31905207,4.689582056014462e-13,5.17645371695948e-07,1.7284964123540112e-09,5.17645371695948e-07,,,,,,,timed out after 360 s (terminated),3.008021593093872,81842461.19808684,1.0911906299172848e-14,5.455698291516646e-16,8.221303093756175e-08,8.221303093756175e-08,8.49933910369873,81842458.26027468,5.251968329627649e-07,1.3012281319207632e-09,3.092426043997987e-11,5.251968329627649e-07,0.7993208999978378,81842460.48657425,1.0360187617690295e-09,2.50195843041834e-11,5.8188765523573386e-08,5.8188765523573386e-08,,
MM_021_CVXQP2_M,1000,2000,250,0,0.205057144165039,7.0,converged,820155.4655860187,9.990377982378644e-09,9.271265534334026e-12,1.8729543910654509e-07,1.8729543910654509e-07,0.1946406364440918,10.0,converged,820155.4382914014,3.164452826760024e-13,6.780907649075135e-09,4.4290444821533104e-08,4.4290444821533104e-08,0.0500085353851318,820155.4319008696,6.529380211105514e-13,2.2092458902547287e-07,5.005206955946507e-09,2.2092458902547287e-07,2.746309518814087,820156.4964865791,4.39569974471861e-07,4.633787237762171e-05,2.520379627597921e-06,4.633787237762171e-05,,0.163541555404663,820155.4413216948,4.6946573612720675e-15,4.856740019231532e-16,3.5117684864559874e-08,3.5117684864559874e-08,0.0299994945526123,820155.4302145217,3.6554117944812253e-07,9.586606634013489e-09,1.0510730021661934e-09,3.6554117944812253e-07,0.0908018999034538,820155.4314072374,2.6931219159167877e-11,8.876706064030821e-11,1.761048506426548e-08,1.761048506426548e-08,,
MM_022_CVXQP2_S,100,200,25,0,0.1575360298156738,7.0,converged,8120.9404882658255,9.492216536507908e-12,3.2616787921599595e-11,2.1973401939047493e-08,2.1973401939047493e-08,0.1470570564270019,9.0,converged,8120.941428169791,3.794805739475256e-12,3.2104932818123873e-09,8.082115521394625e-07,8.082115521394625e-07,0.0050084590911865,8120.940478340848,1.4972150503516243e-14,1.2933133189634e-08,2.162201988648098e-09,1.2933133189634e-08,0.0845177173614502,8120.940476518467,5.1824068843134094e-11,4.142296247321456e-08,2.3850563633543116e-09,4.142296247321456e-08,,0.0019974708557128,8120.943186116176,6.471014200672299e-15,4.534750325116047e-16,9.530481852446304e-07,9.530481852446304e-07,0.0,8120.9405225294195,1.977928844775313e-07,3.368523990084553e-07,4.574539059857816e-08,3.368523990084553e-07,0.011957100010477,8120.940489696503,7.057973253423558e-12,9.43288599667345e-10,1.1612321123297265e-07,1.1612321123297265e-07,,
MM_023_CVXQP3_L,10000,20000,7500,0,2.1082348823547363,16.0,converged,115711106.47341608,8.030732617904288e-09,1.200075029945881e-09,1.4687266032213558e-07,1.4687266032213558e-07,1.5183830261230469,17.0,converged,115711118.5361428,2.254115365468532e-09,1.1953990509320278e-10,4.682660017593345e-07,4.682660017593345e-07,27.018348932266235,115711106.661443,3.8515476507567347e-10,4.649504864827232e-07,3.7899561710932776e-08,4.649504864827232e-07,294.1975824832916,115710949.60790992,3.381914238982469e-06,1.5725763497346953e-06,2.745085209280101e-07,3.381914238982469e-06,,3.7036190032958975,115711135.66170543,5.628330658721147e-09,3.385675392424807e-12,6.764083936549658e-07,6.764083936549658e-07,36.72082042694092,115705795.44362427,9.818417769628044e-05,1.437021704419105e-05,3.037992651364702e-05,9.818417769628044e-05,11.264032599981874,115711140.28604862,1.3451338147971664e-08,1.2090989627115532e-07,5.058242473100513e-07,5.058242473100513e-07,,
MM_024_CVXQP3_M,1000,2000,750,0,0.3461568355560303,25.0,converged,1362828.7279937114,1.461669640328237e-09,3.823259941300241e-12,9.403396873319772e-08,9.403396873319772e-08,0.2561206817626953,17.0,converged,1362828.7882625358,2.1091014644592466e-10,9.835303875162012e-11,3.252410099082361e-07,3.252410099082361e-07,0.1095256805419921,1362828.7421979078,2.1035871457117597e-11,1.0363277993814657e-07,5.112387560062817e-09,1.0363277993814657e-07,2.265045404434204,1362826.9677034928,2.997502209619744e-07,9.416099642435596e-05,1.816177464174697e-05,9.416099642435596e-05,,0.3716263771057129,1362828.7479921686,6.070927887141155e-11,1.8034296739631617e-13,4.1582287861717465e-08,4.1582287861717465e-08,0.542543888092041,1362828.7961806285,3.949962399461195e-08,2.583631560083592e-07,3.014778218643532e-08,2.583631560083592e-07,0.2199286000104621,1362829.5154843023,1.0251119470095016e-07,2.0110006495133163e-13,5.710577606148122e-07,5.710577606148122e-07,,
MM_025_CVXQP3_S,100,200,75,0,0.1620547771453857,8.0,converged,11943.433988896397,3.0598482472085446e-10,2.3083435497096288e-11,1.5791686945095872e-07,1.5791686945095872e-07,0.154268741607666,11.0,converged,11943.433714535917,1.344702127425295e-12,1.3045232339545828e-08,1.3908419539981588e-07,1.3908419539981588e-07,0.0059998035430908,11943.43270252535,4.317054650249515e-12,5.734594327342271e-10,4.4381135569021724e-08,4.4381135569021724e-08,0.0875253677368164,11943.432155683018,1.7329667859452715e-09,2.145313416329767e-06,9.604863686051237e-08,2.145313416329767e-06,,0.002000093460083,11943.438787161229,2.1160292562479904e-10,6.622772409557553e-16,7.500606532171571e-07,7.500606532171571e-07,0.0010006427764892,11943.43157192828,2.847715232272664e-07,2.694771123437786e-07,7.170750321656477e-08,2.847715232272664e-07,0.0158468999434262,11943.43226912813,5.5464077771937455e-11,6.696879269629154e-11,5.654453785741456e-09,5.654453785741456e-09,,
MM_026_DPKLO1,133,0,77,1,0.0260288715362548,1.0,closed_form,0.370096217114269,1.8930730011236664e-16,1.2322520739355923e-16,3.2412994379724253e-16,3.2412994379724253e-16,0.0269975662231445,1.0,closed_form,0.370096217114269,1.8930730011236664e-16,1.2322520739355923e-16,3.2412994379724253e-16,3.2412994379724253e-16,0.0040006637573242,0.3700961664635848,1.7216029914623062e-09,1.2923010210676704e-10,3.7079583041488793e-08,3.7079583041488793e-08,0.0725996494293212,0.3700962171977127,1.8930730011236664e-16,5.453469064101284e-05,0.0001132007763242,0.0001132007763242,,0.0009996891021728,0.3700962171142649,4.25941425252825e-16,2.017812771069537e-15,9.399768370119972e-15,9.399768370119972e-15,0.0010011196136474,0.370096217309505,1.719807787972383e-09,6.373209309832382e-08,7.178701761099687e-07,7.178701761099687e-07,0.0113154000137001,0.3700962039445236,3.412294183229227e-09,9.72411499631218e-07,2.995775265858655e-07,9.72411499631218e-07,,
MM_027_DTOC3,14999,4,9998,0,,,,,,,,,,,,,,,,,0.0149998664855957,235.26246952893467,3.7595360158348967e-10,2.1974708872929817e-11,5.396470015245295e-08,5.396470015245295e-08,85.39187431335449,235.26248083537183,2.74245168910261e-05,7.676698653112002e-08,5.733595856343054e-05,5.733595856343054e-05,,0.0350329875946044,235.2624062427378,4.176395614341466e-07,2.806616434593577e-13,3.176251933836887e-07,4.176395614341466e-07,0.1785352230072021,235.262012741088,2.892930703879415e-07,2.9219663400701867e-10,1.9828300671057087e-06,1.9828300671057087e-06,0.0603636000305414,235.26248067674004,4.6206594104344265e-11,2.205327249791875e-10,1.989636549842908e-06,1.989636549842908e-06,"solver process died (exit code 3221225477), likely a native crash inside the solver library","solver process died (exit code 3221225477), likely a native crash inside the solver library"
MM_028_DUAL1,85,170,1,0,0.1700422763824463,10.0,converged,0.0350131173291564,3.35564909192841e-13,1.4667478317422138e-07,4.350406445271106e-07,4.350406445271106e-07,0.1790475845336914,13.0,diverged,0.0350214217613058,9.595102490322915e-13,2.2662825935271115e-05,3.7613647612505154e-05,3.7613647612505154e-05,0.008000373840332,0.0350130218727584,5.551115123125783e-17,2.860697206127291e-07,1.4671113576284394e-07,2.860697206127291e-07,0.0850048065185546,0.0350541608357364,9.689003122037577e-08,0.002114571917831,8.455965219099776e-06,0.002114571917831,,0.0040004253387451,0.0350129977510333,4.996003610813204e-16,2.765556528293562e-15,1.102138494757004e-07,1.102138494757004e-07,0.0009994506835937,0.0350128063430989,9.409210308831112e-07,5.723008850712524e-08,1.445899388347709e-07,9.409210308831112e-07,0.0162787999724969,0.0350129973752764,7.310818617156123e-14,2.2075389296823987e-07,6.894861551012998e-08,2.2075389296823987e-07,,
MM_029_DUAL2,96,192,1,0,0.1680591106414795,9.0,converged,0.0337336823004629,7.160938508832209e-15,6.077980091782188e-07,9.759011964580997e-08,6.077980091782188e-07,0.1631672382354736,12.0,diverged,0.0337339486020245,3.053113317719171e-15,2.8831952578184175e-05,2.489602317355714e-06,2.8831952578184175e-05,0.0080010890960693,0.0337336761328449,3.8857805861880464e-16,1.2441762793642292e-08,1.8644019288081863e-10,1.2441762793642292e-08,0.0895216464996337,0.0337361723513885,3.318117953077779e-05,0.0006808834153386,4.058716242738983e-06,0.0006808834153386,,0.0039982795715332,0.0337336858335893,1.6653345369377348e-16,3.002783075216081e-15,7.09221596703322e-08,7.09221596703322e-08,0.0010006427764892,0.0337336761833929,8.242356235178361e-10,6.773281484676564e-08,6.523239425352032e-08,6.773281484676564e-08,0.0162318999646231,0.033733848751459,8.881784197001252e-15,5.916849630258355e-07,8.641748277409964e-07,8.641748277409964e-07,,
MM_030_DUAL3,111,222,1,0,0.2042491436004638,11.0,diverged,0.1357559871610073,4.0134562340199415e-14,2.754086387091041e-06,3.126641619043208e-07,2.754086387091041e-06,0.1720509529113769,12.0,diverged,0.135777664311795,7.144285163462371e-14,5.97250424410766e-05,5.2189924474796166e-05,5.97250424410766e-05,0.0110158920288085,0.1357558373941566,1.6653345369377348e-16,2.6092276524392613e-08,1.0716253531303175e-09,2.6092276524392613e-08,0.0975229740142822,0.1357636298923573,2.572261876607124e-05,0.0002312577350025,1.019139139204824e-06,0.0002312577350025,,0.0060005187988281,0.135755921425502,2.7755575615628914e-16,1.6138455889790432e-15,3.128057084384912e-07,3.128057084384912e-07,0.001000165939331,0.1357558361323539,3.266555434450548e-09,1.986213727670449e-07,1.7126016256390717e-07,1.986213727670449e-07,0.0206225999863818,0.1357571040567292,3.608224830031759e-15,7.34569536985356e-07,2.637256369473167e-06,2.637256369473167e-06,,
MM_031_DUAL4,75,150,1,0,0.1630530357360839,8.0,converged,0.7460911807778087,2.2482016248658915e-14,1.0011306020713993e-07,4.947001137607536e-07,4.947001137607536e-07,0.1780917644500732,11.0,diverged,0.7461048599302564,1.2297385332245425e-12,7.69226782865766e-07,1.2731368474621269e-05,1.2731368474621269e-05,0.0064585208892822,0.7460908656287404,1.6653345369377348e-16,1.6041459958689176e-07,6.302332754460603e-08,1.6041459958689176e-07,0.0805315971374511,0.7460999911093515,1.8766978804318768e-08,3.126421730858399e-05,6.034593038546136e-07,3.126421730858399e-05,,0.0019986629486083,0.7460911455366803,1.6653345369377348e-16,1.3889139508374184e-15,4.838984492996301e-07,4.838984492996301e-07,0.0,0.7460908484720549,4.529324998883901e-08,1.7883140215051145e-07,1.053463273801363e-07,1.7883140215051145e-07,0.0143199000740423,0.7460918431334563,6.64468480238112e-14,2.847508152060156e-07,2.325723913268796e-06,2.325723913268796e-06,,
MM_032_DUALC1,9,232,1,0,0.349628210067749,37.0,stalled,7650.853449942191,3.896351574717016e-08,0.0142600657474738,0.1418069721232664,0.1418069721232664,0.1645269393920898,14.0,diverged,6157.0618630017725,1.3124001885245208e-11,5.386226686708882e-06,0.0077182434345988,0.0077182434345988,0.0050077438354492,6155.250832111093,2.4980018054066026e-15,3.911110547288331e-12,2.5916504267178296e-08,2.5916504267178296e-08,0.0675246715545654,6155.244617992979,4.542004102270347e-07,5.846233454836132e-06,0.0001989170806177,0.0001989170806177,,0.0010008811950683,6155.250924284209,1.6653345369377348e-16,7.855165260116541e-10,1.244539576808162e-07,1.244539576808162e-07,0.0069997310638427,6155.241706121609,1.3626476770470134e-12,2.6379413402053516e-09,1.1090610254845798e-06,1.1090610254845798e-06,0.0104798000538721,6155.251466084455,5.551115123125783e-17,3.568274905080546e-16,1.4041018797892205e-07,1.4041018797892205e-07,,
MM_033_DUALC2,7,242,1,0,0.1750557422637939,10.0,diverged,3551.3085190879583,9.355294317003882e-12,1.5974190259312511e-06,1.4995799509230464e-05,1.4995799509230464e-05,0.1550579071044922,14.0,diverged,3551.3086984947627,8.854028621384842e-14,3.7840690291336293e-07,3.838616258272924e-05,3.838616258272924e-05,0.0045166015625,3551.307727936355,3.652911306772921e-12,3.3894418335373057e-10,3.430132513726089e-07,3.430132513726089e-07,0.0680100917816162,3551.308679731803,5.551115123125783e-17,3.223458682664189e-05,0.0001784423727769,0.0001784423727769,,0.0009996891021728,3551.307692978045,5.551115123125783e-17,2.2536043701832412e-10,1.368409104821788e-08,1.368409104821788e-08,0.0020017623901367,3551.307405518675,4.909589783997254e-13,1.934637012562785e-09,1.7384435228506077e-07,1.7384435228506077e-07,0.0104446999030187,3551.3078811369924,1.0380585280245214e-14,1.1478820549880675e-15,3.3028411210682335e-07,3.3028411210682335e-07,,
MM_034_DUALC5,8,293,1,0,0.1702728271484375,8.0,converged,427.23232709223737,1.7041923427996153e-13,7.63815703872962e-08,1.687519508518406e-07,1.687519508518406e-07,0.1490442752838134,12.0,converged,427.2323288155888,7.494005416219751e-15,6.860214253785428e-09,1.546616155405911e-09,6.860214253785428e-09,0.0060441493988037,427.2323310989248,6.8833827526759706e-15,3.0567410418547722e-09,1.7020152502149393e-08,1.7020152502149393e-08,0.0685286521911621,427.2323828082177,5.551115123125783e-17,0.0003993964683579,1.9060410742682468e-06,0.0003993964683579,,0.0009987354278564,427.2323482936969,5.551115123125783e-17,4.146284906528994e-09,1.2223198616029252e-07,1.2223198616029252e-07,0.0009994506835937,427.2323694709157,1.986644182494501e-11,1.7530662195190052e-08,5.26930563636749e-08,5.26930563636749e-08,0.0101895000552758,427.2323361606917,5.3124171728310926e-14,2.8800567593297416e-10,2.23285821303792e-08,2.23285821303792e-08,,
MM_035_DUALC8,8,518,1,0,0.2130563259124755,30.0,stalled,60281.51146947013,0.0456374832052661,1.742790302481058e-05,1.000000301372011,1.000000301372011,0.149092435836792,11.0,converged,18309.35968290348,1.1934897514720291e-14,2.3337643408311854e-08,8.020293939907868e-07,8.020293939907868e-07,0.0049996376037597,18309.35883751564,8.326672684688674e-16,3.4544164512909687e-10,6.137637304903738e-08,6.137637304903738e-08,0.0740015506744384,18309.37205303862,1.3226548356559677e-08,0.0001721895081775,5.974425805126331e-05,0.0001721895081775,,0.003000259399414,18309.35888254201,5.551115123125783e-17,1.0111789327914913e-08,8.930980783053411e-09,1.0111789327914913e-08,0.001000165939331,18309.35885047887,2.825765202677281e-11,1.2465244531013027e-08,1.0163960518830757e-08,1.2465244531013027e-08,0.0126670999452471,18309.3588976166,9.436895709313825e-16,2.2754464282450882e-14,8.907266506721728e-09,8.907266506721728e-09,,
MM_036_EXDATA,3000,7500,1,0,3.591365337371826,11.0,converged,-141.84342571395985,6.280646113039103e-13,5.9234963127049865e-08,1.1463614603219596e-07,1.1463614603219596e-07,4.068893432617188,17.0,diverged,-141.84297383051955,3.299132546460321e-12,5.562961556228542e-07,5.613052628050471e-06,5.613052628050471e-06,8.112096071243286,-141.8434235464661,7.797318823750596e-14,4.737024780139831e-07,2.791473821471699e-07,4.737024780139831e-07,5.711738586425781,-141.84036306033283,7.287926169077875e-08,1.7594379008114644e-06,2.441652518221699e-07,1.7594379008114644e-06,,2.181177854537964,-141.84340527935305,7.69271394051608e-14,1.223275039744681e-09,2.813863951980476e-07,2.813863951980476e-07,3.382131099700928,-141.84342996759665,3.9311550069917937e-07,7.713103186584961e-07,9.31333506647254e-07,9.31333506647254e-07,1.734032499953173,-141.8434251278506,1.5310952271417317e-08,7.598186556508856e-09,7.303976021377253e-08,7.303976021377253e-08,,
MM_037_GENHS28,10,0,8,1,0.0219974517822265,1.0,closed_form,0.9271736937663908,5.551115123125783e-17,9.016753556265915e-17,0.0,9.016753556265915e-17,0.0229969024658203,1.0,closed_form,0.9271736937663908,5.551115123125783e-17,9.016753556265915e-17,0.0,9.016753556265915e-17,0.0019986629486083,0.927173687534182,2.774450003073525e-09,2.980244439764437e-11,3.2648832669734043e-09,3.2648832669734043e-09,0.0655174255371093,0.927173653516684,6.749589409604796e-08,0.0001144757737277,0.0001374050214774,0.0001374050214774,,0.0,0.9271736937663908,5.551115123125783e-17,9.016753556265915e-17,1.152177438096284e-16,1.152177438096284e-16,0.0,0.927173696099933,6.948815407138187e-10,1.457943587306489e-09,3.617315560516034e-09,3.617315560516034e-09,0.0099841000046581,0.92717369270058,1.4268479716432472e-09,5.922508134194514e-07,9.50566345318375e-07,9.50566345318375e-07,,
MM_038_GOULDQP2,699,1398,349,0,0.1580507755279541,9.0,converged,0.0001843113306351,1.9355633169854534e-09,2.7208325643853557e-11,3.2243309395716534e-07,3.2243309395716534e-07,0.1570591926574707,9.0,converged,0.0001843190562391,5.2718995832697495e-11,1.2984846478544318e-12,3.694576631472764e-07,3.694576631472764e-07,0.0059998035430908,0.0001842840398986,4.6629367034256346e-15,8.101609608946837e-07,6.126830103538902e-08,8.101609608946837e-07,0.4815163612365722,0.000185811371072,2.0683137382202407e-09,7.140964698351806e-06,9.961348819695225e-07,7.140964698351806e-06,,0.0049991607666015,0.0001843300231117,7.271960811294722e-15,5.730151783716296e-15,4.917982842883171e-07,4.917982842883171e-07,0.1085436344146728,0.0001842706555368,9.797650020271068e-07,7.719380600236722e-11,7.241488242861602e-08,9.797650020271068e-07,0.0173197999829426,0.0001843084604874,1.4266365866433063e-14,9.646888702799416e-07,2.787547323678735e-05,2.787547323678735e-05,,
MM_039_GOULDQP3,699,1398,349,0,0.1550545692443847,7.0,converged,-29647.836382890426,7.32002735667613e-10,1.1309545552256287e-10,1.436387628884141e-07,1.436387628884141e-07,0.1525259017944336,7.0,converged,-29647.83504857715,2.7715884510570023e-09,3.2651833375765156e-09,3.55426142013811e-07,3.55426142013811e-07,0.004000186920166,-29647.837207962457,4.3516095239220345e-11,5.128229462462981e-07,3.395221771503828e-07,5.128229462462981e-07,1.0830419063568115,-29647.834915662665,1.3242407050971284e-08,0.0001519413087219,6.969565640142867e-05,0.0001519413087219,,0.0040082931518554,-29647.83644126555,4.968248035197551e-15,1.8856516416491266e-15,1.427699354941292e-07,1.427699354941292e-07,0.0040023326873779,-29647.837216199725,1.7998551646241938e-08,3.91938579026264e-08,4.447534652800779e-08,4.447534652800779e-08,0.0212339999852702,-29647.8371213527,8.382183835919861e-15,2.896184725979525e-08,2.48456377183035e-08,2.896184725979525e-08,,
MM_040_HS118,15,59,0,0,0.1527869701385498,7.0,converged,664.8205094025633,0.0,1.1957763750020311e-11,4.472575775913837e-07,4.472575775913837e-07,0.147052526473999,11.0,converged,664.82046982178,0.0,2.4026784461330524e-09,1.1258736837690353e-07,1.1258736837690353e-07,0.0059995651245117,664.8204542264356,0.0,7.732534694305595e-09,1.6461776451142427e-08,1.6461776451142427e-08,0.0661163330078125,664.8204367591458,2.6970753564388013e-08,2.5328315145988764e-07,4.248653914786794e-07,4.248653914786794e-07,,0.0,664.820811071866,0.0,8.414626759853864e-07,5.14118894783637e-07,8.414626759853864e-07,0.0019993782043457,664.8200880226264,8.262914896879029e-07,4.71464696518025e-07,2.151622449630823e-07,8.262914896879029e-07,0.0118089000461623,664.8204500238418,0.0,1.19410727435861e-09,7.193553613975666e-11,1.19410727435861e-09,,
MM_041_HS21,2,5,0,0,0.1352250576019287,6.0,converged,0.0400000107786223,0.0,6.95066550056905e-08,1.5114603359776045e-07,1.5114603359776045e-07,0.1351411342620849,7.0,converged,0.0400001217928691,0.0,1.3362147574215713e-21,2.984532658371144e-07,2.984532658371144e-07,0.0049989223480224,0.0400000131041084,0.0,3.542032124037443e-08,1.6781612511930414e-07,1.6781612511930414e-07,0.0665171146392822,0.0400000171513437,0.0,2.023877342995945e-05,1.2514608023726711e-05,2.023877342995945e-05,,0.0,0.0400000886253417,0.0,1.893315818687634e-11,4.496672768296242e-07,4.496672768296242e-07,0.0,0.0400000001194272,0.0,4.663070143423127e-13,1.1390128956224723e-10,1.1390128956224723e-10,0.0104459999129176,0.0400000000692618,0.0,1.1890011609539988e-14,3.016187940232559e-09,3.016187940232559e-09,,
MM_042_HS268,5,5,0,0,0.1550600528717041,7.0,converged,-14462.997749120972,0.0,3.983183845965441e-16,3.573786260622625e-07,3.573786260622625e-07,0.1365370750427246,8.0,converged,-14462.999660483532,0.0,6.803205775346041e-16,2.5180216724892265e-07,2.5180216724892265e-07,0.0019996166229248,-14462.99912638499,0.0,1.2646097259236585e-08,2.836930505857448e-07,2.836930505857448e-07,0.0665299892425537,-14462.99862470058,0.0,2.1199252957546892e-05,4.454043905749364e-05,4.454043905749364e-05,,0.0,-14462.998721128366,0.0,1.014110393782756e-11,3.2025297687639706e-07,3.2025297687639706e-07,0.0,-14462.999765924063,0.0,1.7008178939630554e-07,1.9546736075447097e-06,1.9546736075447097e-06,0.0100040999241173,-14462.999604867637,0.0,2.031086262136181e-13,5.9144965884650074e-08,5.9144965884650074e-08,,
MM_043_HS35,3,4,0,0,0.1360499858856201,6.0,converged,-8.888888799653422,0.0,2.173002518664665e-12,1.009215846891772e-08,1.009215846891772e-08,0.1395370960235595,6.0,converged,-8.888887145713744,0.0,4.9343245538895844e-17,2.1670047513420925e-07,2.1670047513420925e-07,0.0039989948272705,-8.88888881487857,0.0,3.2002310647162422e-09,2.9558709703280544e-08,2.9558709703280544e-08,0.0670647621154785,-8.888887759457724,0.0,9.042678896873132e-05,0.0001493085037538,0.0001493085037538,,0.0010008811950683,-8.88888817151867,0.0,2.1125504123808978e-10,1.1753862145297057e-07,1.1753862145297057e-07,0.0,-8.888888888869708,0.0,1.98889053374766e-12,1.7891306413945937e-13,1.98889053374766e-12,0.0094981000293046,-8.88888634304989,0.0,1.5879073913785092e-08,2.815588099213571e-07,2.815588099213571e-07,,
MM_044_HS35MOD,3,5,0,0,0.1415286064147949,9.0,converged,-8.749997117165405,4.114743545891031e-10,1.2397364263162483e-09,6.33091699819094e-07,6.33091699819094e-07,0.1425654888153076,10.0,converged,-8.749997253046114,7.682987579471501e-11,2.837761556411429e-10,6.105427034618848e-07,6.105427034618848e-07,0.0039830207824707,-8.749999995692201,8.447270660738583e-13,4.440199888241246e-08,4.006504968877609e-08,4.440199888241246e-08,0.0705420970916748,-8.749995501401797,0.0,9.767227140045644e-05,9.130176848684963e-05,9.767227140045644e-05,,0.0009982585906982,-8.749998408805686,1.1934897514720433e-15,1.973729821555834e-15,4.64462525918059e-07,4.64462525918059e-07,0.0,-8.75000000009448,2.3620633227139365e-11,4.741380128021117e-12,1.175784256271012e-11,2.3620633227139365e-11,0.0096799000166356,-8.749999320810923,0.0,9.347383935043115e-09,1.4795806880111015e-07,1.4795806880111015e-07,,
MM_045_HS51,5,0,3,1,0.0219974517822265,1.0,closed_form,-5.999999999999999,8.881784197001253e-17,1.0782962980505652e-16,0.0,1.0782962980505652e-16,0.0230023860931396,1.0,closed_form,-5.999999999999999,8.881784197001253e-17,1.0782962980505652e-16,0.0,1.0782962980505652e-16,0.0030000209808349,-5.999999999999998,1.2347678433751414e-10,1.1129840930652016e-13,5.430576623309338e-14,1.2347678433751414e-10,0.0655245780944824,-5.999999985887445,0.0,6.6396217898221e-05,7.14061027331262e-05,7.14061027331262e-05,,0.0,-6.0,4.440892098500626e-17,6.940557428719486e-16,8.881784197001252e-16,8.881784197001252e-16,0.0,-5.999999999999997,1.2607608274798231e-09,7.023156993878911e-09,6.680969383843589e-09,7.023156993878911e-09,0.009463099995628,-5.999999999998293,2.6205618051272046e-09,6.737637137129125e-07,5.212749321717529e-07,6.737637137129125e-07,,
MM_046_HS52,5,0,3,1,0.0200052261352539,1.0,closed_form,-0.6733524355300857,2.775557561562892e-17,1.3322676295501878e-16,1.3269446424458207e-16,1.3322676295501878e-16,0.0219969749450683,1.0,closed_form,-0.6733524355300857,2.775557561562892e-17,1.3322676295501878e-16,1.3269446424458207e-16,1.3322676295501878e-16,0.0029993057250976,-0.6733524357914092,2.3559501571290888e-11,4.2454928461665984e-14,1.561793939745193e-10,1.561793939745193e-10,0.0645241737365722,-0.6733524342123538,0.0,2.9001666512051828e-05,3.560066904127668e-05,3.560066904127668e-05,,0.0005605220794677,-0.6733524355300873,1.52655665885959e-16,1.7763568394002506e-16,1.3269446424458196e-15,1.3269446424458196e-15,0.0,-0.6733524354635844,6.0143279245388415e-12,6.465405988365091e-12,3.32379728765203e-11,3.32379728765203e-11,0.0095888000214472,-0.6733524370009106,8.881775307328461e-10,1.006218615806631e-06,1.1709143553910187e-06,1.1709143553910187e-06,,
MM_047_HS53,5,10,3,0,0.1444597244262695,4.0,converged,-1.9069767580285888,1.924345679099092e-09,4.6636472461614176e-11,2.416388357246432e-07,2.416388357246432e-07,0.1341452598571777,6.0,converged,-1.9069767441964165,1.8276491431345925e-12,1.5161760735793454e-13,1.688666375165512e-08,1.688666375165512e-08,0.004000186920166,-1.9069767441860788,1.1153300505371885e-12,1.851079289849622e-11,1.0568705051026041e-07,1.0568705051026041e-07,0.0645246505737304,-1.9069767431076432,0.0,1.6758877172673436e-05,2.898196633730971e-05,2.898196633730971e-05,,0.0010018348693847,-1.90697674418604,8.21565038222609e-15,1.1340928196545976e-14,3.3733612020853065e-07,3.3733612020853065e-07,0.0,-1.9069748531688135,2.6327123433480066e-07,7.040361455601385e-07,7.129624341962227e-07,7.129624341962227e-07,0.0096565000712871,-1.9069767441859573,5.1403326040142104e-14,8.169465104401752e-11,3.425731875832826e-11,8.169465104401752e-11,,
MM_048_HS76,4,7,0,0,0.1332359313964843,5.0,converged,-4.6818181338206255,1.4525262110631307e-10,2.662352832638604e-08,5.692152583017426e-07,5.692152583017426e-07,0.1346664428710937,6.0,converged,-4.681818124380493,0.0,3.908943446706559e-09,3.565710463101602e-08,3.565710463101602e-08,0.0029997825622558,-4.681818803905102,6.402409377608196e-08,2.1359397514575384e-07,2.26882939638396e-07,2.26882939638396e-07,0.0682134628295898,-4.681816683285593,0.0,0.00025213801598,0.0004030212717509,0.0004030212717509,,0.0009989738464355,-4.681817386634477,0.0,5.204715058937381e-08,5.091399489587842e-07,5.091399489587842e-07,0.0009989738464355,-4.681817614451219,5.0232957342449736e-08,7.902173927709645e-08,5.381507719952437e-08,7.902173927709645e-08,0.0116836999077349,-4.681818002401647,0.0,9.90457759975083e-08,7.15746597925968e-08,9.90457759975083e-08,,
MM_049_HUES-MOD,10000,10000,2,0,132.68198919296265,15.0,converged,34824467.49397379,4.4742352121971215e-10,8.24459496038761e-10,4.44113334037561e-07,4.44113334037561e-07,59.92642855644226,12.0,converged,34824468.13509344,1.7126455888902376e-11,3.6123268686767203e-09,5.206683490724999e-07,5.206683490724999e-07,0.0340065956115722,34824469.221916966,3.75014255571128e-13,5.4081399415762176e-08,6.370224386752077e-07,6.370224386752077e-07,0.3317015171051025,34824111.34492358,6.529247046651295e-06,0.0008169082360545,3.2225147748993904e-05,0.0008169082360545,,0.0510005950927734,34824466.39292416,4.333993377907158e-15,1.3515664433207476e-12,3.936889258409076e-07,3.936889258409076e-07,0.0715255737304687,4.5936892121039503e+18,0.9999974298387324,0.9997999995331874,1.999998719259958,1.999998719259958,0.0363528000889346,34824463.87334931,7.801188080232884e-15,3.10786926642809e-07,5.930603525361941e-13,3.10786926642809e-07,,
MM_050_HUESTIS,10000,10000,2,0,142.56126236915588,17.0,converged,348244542541.52673,7.356291462895064e-08,7.148848388522462e-10,1.3571563066451765e-07,1.3571563066451765e-07,64.4498279094696,13.0,converged,348244699981.02155,1.284117411999525e-09,6.123035657874731e-10,7.694523166495942e-07,7.694523166495942e-07,0.0435264110565185,348244633675.7584,1.7920348127880652e-09,1.960654798744874e-08,2.86267659871297e-08,2.86267659871297e-08,1.0478038787841797,,,,,,"Matrices must be 2d: (10000, 10000) * () is not valid",0.0375232696533203,348244639669.60504,5.07696367126267e-15,2.673470467954635e-15,1.816465966945384e-08,1.816465966945384e-08,0.0190002918243408,4.5936892121039495e+22,0.9999974298387324,0.5000999848833335,1.9999999998719256,1.9999999998719256,0.0387367999646812,348244638733.4602,3.9625082312293846e-15,4.767900665959914e-09,3.925939836341582e-14,4.767900665959914e-09,,
MM_051_KSIP,20,1001,0,0,0.2080633640289306,14.0,converged,0.5757979433248213,0.0,6.990551158222499e-13,3.03518986301568e-07,3.03518986301568e-07,0.1598210334777832,12.0,converged,0.5757979498729087,0.0,3.0327907454778223e-13,3.540312411176908e-07,3.540312411176908e-07,0.0150001049041748,0.5757979412484531,1.9558620809435586e-12,8.41593947402709e-08,5.4210956953817234e-08,8.41593947402709e-08,0.0846524238586425,0.5757979774884959,4.282853076386222e-08,1.0451003701880864e-05,4.3849432554206815e-06,1.0451003701880864e-05,,0.01300048828125,0.5757979412446625,7.664179691208097e-11,1.3292030027625654e-07,6.295882313493872e-08,1.3292030027625654e-07,0.1575722694396972,0.5757936702493419,2.033060633695647e-06,4.525507046155724e-05,1.982116881985972e-05,4.525507046155724e-05,0.0304697999963536,0.5757979416760408,0.0,7.329845474750289e-11,1.9330606440780103e-08,1.9330606440780103e-08,,
MM_052_LASER,1002,2000,0,0,0.1940541267395019,21.0,converged,2409597.445895533,5.39299931409432e-07,2.966644108306778e-07,3.1301092116804565e-07,5.39299931409432e-07,0.1651179790496826,9.0,converged,2409601.879363745,0.0,7.542962496484217e-14,4.576957567319695e-07,4.576957567319695e-07,0.009000539779663,2409601.3484621616,0.0,9.2746122756462e-07,2.144743047627788e-09,9.2746122756462e-07,0.1205277442932128,2409599.050817077,8.541047741186559e-07,0.0001189812726024,1.460574327841213e-05,0.0001189812726024,,0.0069992542266845,2409601.6109381085,9.668850584807088e-10,8.678384466360046e-16,2.1571737808807805e-07,2.1571737808807805e-07,0.0050001144409179,2409599.829421804,2.5084806018553066e-07,2.3212221456590368e-08,6.34516882714551e-07,6.34516882714551e-07,0.0459907000185921,2409601.345601453,6.847803675629505e-14,1.6300898995917285e-13,1.985474522189488e-12,1.985474522189488e-12,,
MM_053_LISWET1,10002,10000,0,0,0.5788984298706055,30.0,stalled,-2500.403114484826,1.6869943727976582e-06,3.2453942825026227e-09,2.178739338039217e-06,2.178739338039217e-06,0.5626957416534424,30.0,stalled,-2500.4045319055367,2.0292477292166497e-06,4.263424142809118e-07,1.8506727078379e-06,2.0292477292166497e-06,0.1715364456176757,-2489.2922051171845,3.918088076189288e-12,7.800624463883479e-11,1.8498205088127583e-06,1.8498205088127583e-06,0.4403629302978515,-2500.290126122375,3.954033576451602e-07,0.0019521870666827,9.67749432106725e-06,0.0019521870666827,,0.0775916576385498,-2500.053510724289,4.081260180769186e-07,1.6586326582750787e-11,9.300831130156798e-07,9.300831130156798e-07,1.304483413696289,-2500.4076841262404,1.0363708827913988e-05,1.7210532565983253e-05,4.309685114981302e-07,1.7210532565983253e-05,0.2854214999824762,-2489.287596717063,1.887369358110668e-13,7.582879850950353e-11,4.812201592320077e-10,4.812201592320077e-10,,
MM_054_LISWET10,10002,10000,0,0,0.2655789852142334,5.0,converged,-2500.947076284427,6.044041688111582e-07,1.838833993967388e-09,2.2188151607890019e-07,6.044041688111582e-07,0.2616100311279297,7.0,converged,-2500.947766810531,5.599093140122531e-07,1.64445214184189e-07,4.268919988684192e-08,5.599093140122531e-07,0.33620285987854,-2476.4679568150755,3.932409425264107e-12,7.172450644179886e-11,1.5101154090464382e-06,1.5101154090464382e-06,0.4344689846038818,-2500.943001986509,1.6348899567468506e-07,0.0005681770388814,2.793048826783413e-06,0.0005681770388814,,0.0675244331359863,-2500.9323912111186,1.4632760762860058e-07,7.854318907562645e-12,1.7076160398287558e-07,1.7076160398287558e-07,1.3014490604400637,-2500.948098610912,3.006346131806828e-06,7.601845626302929e-06,8.822715725412645e-08,7.601845626302929e-06,1.1735915000317618,-2476.729092616353,2.2083086175092774e-10,1.5321817426400434e-10,0.0001063555689722,0.0001063555689722,,
MM_055_LISWET11,10002,10000,0,0,0.2737863063812256,5.0,converged,-2500.749467599467,8.13292714750023e-07,2.258709703216418e-09,6.059655126568518e-08,8.13292714750023e-07,0.2560570240020752,7.0,converged,-2500.75024617638,8.957869492877523e-07,2.611387020326049e-07,2.338357599790056e-07,8.957869492877523e-07,0.2605786323547363,-2476.226546987033,2.1219503600026925e-12,4.488297449204265e-07,2.034972014631015e-07,4.488297449204265e-07,0.4282095432281494,-2500.7255514967824,5.327899935144972e-07,0.0014354164475336,2.92856856303263e-06,0.0014354164475336,,0.1931285858154297,-2497.7337564707527,5.090309843769911e-07,2.8666899911910806e-10,9.863196010784016e-07,9.863196010784016e-07,1.3005120754241943,-2500.7507135347414,3.1895740239445555e-06,8.030145151910168e-06,1.7396695141201829e-07,8.030145151910168e-06,0.3931752999778837,-2476.225449728493,0.0,1.7225848695421516e-11,2.624287220174303e-07,2.624287220174303e-07,,
MM_056_LISWET12,10002,10000,0,0,0.3255915641784668,9.0,diverged,-2500.7490257946697,2.038597279103428e-06,5.5420304267348545e-09,1.939361606394648e-06,2.038597279103428e-06,0.3216314315795898,12.0,diverged,-2500.7504419725587,2.0625438691592777e-06,5.9334777205207e-07,2.3268287414133896e-06,2.3268287414133896e-06,0.4174208641052246,-788.8236410321792,1.9821156985122134e-13,1.142681235002613e-07,1.3511216084490027e-06,1.3511216084490027e-06,3.0556912422180176,-791.2626831802834,1.495265021953477e-09,0.0049904285735725,0.00107157201544,0.0049904285735725,,0.6296901702880859,-2289.7300386896745,1.319401412355667e-06,7.421789694068511e-11,2.760466930486644e-06,2.760466930486644e-06,1.3107047080993652,-2500.751347873982,4.172188709432656e-06,9.430443475095194e-06,7.516029315728982e-07,9.430443475095194e-06,3.896958200028166,-788.8225177500715,4.317525732007145e-14,5.298811467256001e-10,7.1113684017906e-08,7.1113684017906e-08,,
MM_057_LISWET2,10002,10000,0,0,0.2670071125030517,5.0,converged,-1666.9920322940543,6.761323110446943e-07,1.395432543741623e-09,1.0009511199190849e-07,6.761323110446943e-07,0.261110782623291,8.0,converged,-1666.9922755379694,3.740519916838822e-07,8.048089540475331e-08,8.22612773017621e-08,3.740519916838822e-07,0.0620005130767822,-1666.991958262881,5.008478613425652e-10,7.471512026783854e-08,6.882779378144499e-09,7.471512026783854e-08,0.4191811084747314,-1666.988273623975,1.0585415207860753e-07,0.000870183306816,3.675541958902795e-06,0.000870183306816,,0.0735285282135009,-1666.9912895011478,1.2704078413924093e-08,6.521548643804677e-13,6.025895591476372e-07,6.025895591476372e-07,1.3367102146148682,-1666.9926178226158,3.3610598870757126e-06,6.468866996611754e-06,1.3416957663873297e-07,6.468866996611754e-06,0.174467199947685,-1666.9912067443015,0.0,1.0085579308460557e-12,7.299409761740576e-07,7.299409761740576e-07,,
MM_058_LISWET3,10002,10000,0,0,0.2778184413909912,6.0,converged,-1000.258894893632,3.169109908060445e-07,6.653158949294563e-10,1.4979093974727701e-07,3.169109908060445e-07,0.2611103057861328,8.0,converged,-1000.2589783713534,3.55808486249927e-07,7.667345723461554e-08,9.266819874750264e-09,3.55808486249927e-07,0.0595254898071289,-1000.2587799940942,3.416926738069833e-12,1.0298975740480143e-07,5.205761227746e-12,1.0298975740480143e-07,0.4257166385650635,-1000.2583504975568,5.60933907479377e-08,0.0012562959959758,2.7177280642298657e-06,0.0012562959959758,,0.0730006694793701,-1000.258778546086,1.633202357043866e-08,2.198966394830594e-12,3.652727227314667e-07,3.652727227314667e-07,1.298459529876709,-1000.2593149989548,3.346015023250188e-06,6.450500427556482e-06,1.9556100240057146e-07,6.450500427556482e-06,0.1586349999997764,-1000.258725879902,0.0,3.2404651064232002e-15,1.0746111693000793e-07,1.0746111693000793e-07,,
MM_059_LISWET4,10002,10000,0,0,0.2782971858978271,6.0,converged,-714.5160456280017,4.281911784393337e-07,9.167874716593117e-10,2.632502321840584e-07,4.281911784393337e-07,0.263110876083374,8.0,converged,-714.5160905219739,3.63897365098167e-07,7.831697974628558e-08,1.0180116793702649e-07,3.63897365098167e-07,0.0685229301452636,-714.5158879182784,2.429390708373707e-12,2.1375088485931108e-08,4.252158760524101e-12,2.1375088485931108e-08,0.4157516956329345,-714.5157800377222,7.776057240007874e-08,0.0001364957035746,2.615176512348001e-06,0.0001364957035746,,0.0815236568450927,-714.5158810519209,1.7036476677102134e-08,1.6768304595391277e-12,6.971686521797561e-07,6.971686521797561e-07,1.3019590377807615,-714.5164195880977,3.3409322648470967e-06,6.47059012599036e-06,2.550886658603125e-07,6.47059012599036e-06,0.1649614999769255,-714.5157567562132,0.0,2.1305159205457495e-14,3.156414734353228e-07,3.156414734353228e-07,,
MM_060_LISWET5,10002,10000,0,0,0.2655863761901855,5.0,converged,-15976.159904415232,1.8196885081824054e-07,1.182531321156264e-09,5.543434176957092e-07,5.543434176957092e-07,0.2370557785034179,6.0,converged,-15976.164129003571,4.025005336059533e-07,2.347754945333825e-07,1.481591639254336e-07,4.025005336059533e-07,0.0675184726715087,-15976.165746863238,2.6009376915570587e-10,7.294523491137367e-07,1.5872871738352766e-12,7.294523491137367e-07,0.4632353782653808,-15976.152320785965,5.1574683918654975e-08,0.0023266269387291,3.391776407809189e-06,0.0023266269387291,,0.0380096435546875,-15976.163247268114,0.0,2.669128609815295e-09,3.201516460195102e-07,3.201516460195102e-07,1.3481230735778809,-15976.16613681089,1.4754304680805516e-06,8.406798060666372e-06,1.0102920721155605e-08,8.406798060666372e-06,0.1554976000916212,-15976.162627699729,0.0,9.745203400229726e-15,2.778602756230876e-07,2.778602756230876e-07,,
MM_061_LISWET6,10002,10000,0,0,0.2662158012390136,5.0,converged,-2162.224089635196,4.355105289645754e-07,1.2513348760972654e-09,2.007614983019537e-07,4.355105289645754e-07,0.2505800724029541,7.0,converged,-2162.224483109477,5.11346896464364e-07,1.5109247149243756e-07,4.617304179351315e-09,5.11346896464364e-07,0.0665240287780761,-2162.224252482981,3.3480532801118427e-11,4.006019347687789e-07,8.262804632218306e-12,4.006019347687789e-07,0.4287822246551513,-2162.2216156021827,5.501289439829434e-08,0.0002137198499138,3.264055593374766e-06,0.0002137198499138,,0.0775206089019775,-2162.22422897944,1.531121726513472e-08,3.163562510721944e-12,6.150752470314169e-07,6.150752470314169e-07,1.3346903324127195,-2162.2248137139186,2.9638309373187302e-06,7.433012301731761e-06,9.466806875000915e-08,7.433012301731761e-06,0.1663743000244721,-2162.224000914277,0.0,7.077462231218573e-15,5.695232190482445e-07,5.695232190482445e-07,,
MM_062_LISWET7,10002,10000,0,0,0.327479600906372,5.0,converged,-2500.256551494614,5.668927657706143e-07,2.617796979990468e-09,2.829807944076275e-07,5.668927657706143e-07,0.2646389007568359,8.0,converged,-2500.257488228271,4.631575004376663e-07,9.03474027546873e-08,2.535857120456479e-07,4.631575004376663e-07,0.5521118640899658,-2498.608890870813,9.843039189362773e-08,2.7260545958769702e-11,0.0195133584809764,0.0195133584809764,1.6288306713104248,-2029.1173957025703,2.7586285904779344e-09,0.0415750071696173,0.0011841569547911,0.0415750071696173,,0.225623607635498,-2494.129964467625,4.552129900977195e-07,8.887245462933175e-12,9.82754956828549e-07,9.82754956828549e-07,1.3370060920715332,-2500.2578235316428,3.623671548150541e-06,6.035186963300937e-06,1.2887774579587165e-07,6.035186963300937e-06,0.2431276000570505,-2026.4190515310015,7.344119392656154e-13,5.718044293910556e-10,2.8446098470189283e-08,2.8446098470189283e-08,,
MM_063_LISWET8,10002,10000,0,0,0.3221035003662109,5.0,converged,-2500.256466305708,5.601986907203212e-07,2.599183890004869e-09,2.7752995904019903e-08,5.601986907203212e-07,0.263251781463623,8.0,converged,-2500.2574300083106,4.67924076303683e-07,9.115560456949044e-08,3.878746950730878e-07,4.67924076303683e-07,0.4176197052001953,-1810.79338946385,6.845080862531886e-13,3.8566209154986173e-10,1.903353676412477e-06,1.903353676412477e-06,0.4266884326934814,-2500.220720009822,3.852338723549517e-07,0.0026069754357423,6.194942666367871e-06,0.0026069754357423,,0.367638349533081,-2487.321688918284,7.70655414818207e-07,1.6337855490880277e-11,9.973583690665584e-07,9.973583690665584e-07,1.3039777278900146,-2500.2578341198955,3.6144410738808663e-06,6.044001062752749e-06,1.63366336647234e-07,6.044001062752749e-06,1.709143100073561,-1810.83383928804,1.0061051337314536e-11,2.977776493120862e-10,2.416410521298602e-05,2.416410521298602e-05,,
MM_064_LISWET9,10002,10000,0,0,0.3794529438018799,9.0,diverged,-2500.2535929933547,3.243718461600185e-06,1.4833678857050082e-08,1.6102004700577436e-06,3.243718461600185e-06,0.3121004104614258,12.0,diverged,-2500.257905605857,1.6234568168573825e-06,3.126345042668125e-07,1.591909594116806e-06,1.6234568168573825e-06,0.3941314220428467,-562.0094040507072,1.3873285917545988e-13,3.7630089607140185e-10,1.181055455276535e-06,1.181055455276535e-06,0.4063169956207275,-2500.188016649756,1.5724210642133216e-06,0.0057304644153107,3.5755279445214246e-06,0.0057304644153107,,0.8363535404205322,-1977.3592638248624,2.3750548881096376e-06,8.091829360402223e-11,5.167775574360673e-06,5.167775574360673e-06,1.3127734661102295,-2500.258308949562,3.669500755101042e-06,6.099625149554666e-06,6.339650107674008e-07,6.099625149554666e-06,3.3527743000304326,-562.0086972266115,1.4419366422466689e-15,2.8776981902027927e-10,7.462679690348954e-08,7.462679690348954e-08,,
MM_065_LOTSCHD,12,12,7,0,0.1650576591491699,14.0,converged,2398.4159875984124,8.942313940645382e-10,1.401665881015275e-11,4.1193107360566925e-08,4.1193107360566925e-08,0.1495389938354492,14.0,converged,2398.4160633649058,4.6049833793947244e-08,1.069283299367744e-09,2.814141830651745e-07,2.814141830651745e-07,0.0039975643157958,2398.415965211475,1.214239828537323e-13,1.0366467602054533e-11,3.2043603405847216e-08,3.2043603405847216e-08,0.0655136108398437,2398.415560752581,8.94384898129492e-08,1.5271587924979507e-05,1.4500766443789305e-07,1.5271587924979507e-05,,0.0,2398.41595219763,2.2361691133284034e-16,2.3534783281204856e-13,3.4832874589014725e-08,3.4832874589014725e-08,0.0,2398.4143264024315,8.244248713433924e-07,6.531425065418061e-08,6.228699641631845e-07,8.244248713433924e-07,0.0094470999902114,2398.4158916293627,1.1653236291832646e-13,9.33256497178686e-13,7.662842008834062e-11,7.662842008834062e-11,,
MM_066_MOSARQP1,2500,3200,0,0,0.2040541172027588,8.0,converged,-952.8754321090032,0.0,3.981930957422631e-13,2.2062469922446183e-08,2.2062469922446183e-08,0.1831071376800537,9.0,converged,-952.8753745296276,0.0,1.8809813471250704e-09,1.314180244094207e-07,1.314180244094207e-07,0.016000747680664,-952.8754427382394,1.0843373110053112e-10,5.600722296382016e-07,7.202814492060727e-10,5.600722296382016e-07,0.1200530529022216,-952.8750988570836,0.0,3.162649709728072e-05,6.824301143603512e-06,3.162649709728072e-05,,0.014009952545166,-952.875324327346,0.0,9.036331691978054e-11,2.534862810065473e-07,2.534862810065473e-07,0.0475265979766845,-952.8754444195732,9.697477376101651e-07,5.079860100869607e-07,1.4177708344331843e-09,9.697477376101651e-07,0.0306313999462872,-952.8754369208904,0.0,1.742420638101373e-07,1.1701020821415504e-08,1.742420638101373e-07,,
MM_067_MOSARQP2,900,1500,0,0,0.1785740852355957,6.0,converged,-1597.4816706243,0.0,1.7937787902354302e-11,4.226090598311554e-07,4.226090598311554e-07,0.1675937175750732,8.0,converged,-1597.4813977381525,0.0,8.093419734759972e-11,7.126269743561977e-07,7.126269743561977e-07,0.0100002288818359,-1597.4812018883913,9.811370200144682e-10,7.908812828620842e-08,9.380308814790668e-07,9.380308814790668e-07,0.1060326099395752,-1597.481381224842,0.0,2.814011040246904e-05,1.331638887465213e-07,2.814011040246904e-05,,0.009009838104248,-1597.482004228491,0.0,3.076221563508224e-13,1.4300586247711045e-07,1.4300586247711045e-07,0.012000560760498,-1597.48212021698,4.143946217799088e-07,5.0774193362178563e-08,1.6088313379937895e-09,4.143946217799088e-07,0.0299900999525561,-1597.4819923660843,0.0,3.2189380020433214e-08,1.070294274011389e-07,1.070294274011389e-07,,
MM_068_POWELL20,10000,10000,0,0,1.1132912635803225,100.0,max_iter,41655077632.09291,0.0102739900155172,0.0041359755746072,0.0102006951158792,0.0102739900155172,0.4493675231933594,30.0,stalled,41726371080.37718,0.0053793982396125,4.624296317382586e-14,0.0054969237349335,0.0054969237349335,0.0935261249542236,52089579975.96422,1.634462154891946e-11,2.9763360388103322e-08,8.375314077835755e-08,8.375314077835755e-08,0.4976139068603515,,,,,,"Matrices must be 2d: (10000, 10000) * () is not valid",0.1275300979614257,5.664537228815537e-09,0.9999000046767336,2.1596301106372567e-16,0.9716924778429245,0.9999000046767336,7.1182355880737305,43012607740.379776,0.000378834557675,6.763220877398216e-05,0.0345365969025765,0.0345365969025765,0.8498975000111386,52089582812.47984,3.63779691724585e-16,1.192610965226059e-13,3.8842995478226723e-13,3.8842995478226723e-13,,
MM_069_PRIMAL1,325,86,0,0,0.2020449638366699,9.0,converged,-0.0350127393169538,0.0,7.501920092078899e-14,3.505979056214191e-07,3.505979056214191e-07,0.1980538368225097,12.0,converged,-0.035012767461318,0.0,9.517516982859853e-14,2.946833289072484e-07,2.946833289072484e-07,0.0069992542266845,-0.0350128239017636,0.0,1.528194786554715e-07,2.249273587571453e-07,2.249273587571453e-07,0.1434152126312255,-0.0350127795203962,0.0,6.710528562646581e-06,3.598110137654052e-07,6.710528562646581e-06,,0.0050010681152343,-0.0350127314779113,0.0,1.0261800638678785e-07,3.421053045129592e-07,3.421053045129592e-07,0.0020008087158203,-0.0350129648396697,5.538891838295729e-09,1.4128683907708562e-07,4.991905535307336e-09,1.4128683907708562e-07,0.0167293000267818,-0.0350129186323577,0.0,7.066069391273594e-10,7.329496951147198e-08,7.329496951147198e-08,,
MM_070_PRIMAL2,649,97,0,0,0.2745814323425293,8.0,converged,-0.0337334696697167,0.0,2.6086771631739042e-14,2.380469070447027e-07,2.380469070447027e-07,0.2762784957885742,10.0,converged,-0.0337328460749513,0.0,1.6435691783250883e-14,9.359039798731636e-07,9.359039798731636e-07,0.00700044631958,-0.0337330223903412,0.0,1.1969392793099897e-07,6.856196246300694e-07,6.856196246300694e-07,0.2802724838256836,-0.033733594565704,1.9165756517969772e-08,1.8052155857927485e-06,4.2393681897156385e-09,1.8052155857927485e-06,,0.0069975852966308,-0.0337335356798302,0.0,3.003083962820668e-07,1.6007634329369632e-07,3.003083962820668e-07,0.0010075569152832,-0.0337336761137783,8.984760552521957e-12,4.430163918003882e-13,8.633832002491745e-12,8.984760552521957e-12,0.019499099929817,-0.0337336329438974,0.0,1.4372097954117862e-10,4.257409542636597e-08,4.257409542636597e-08,,
MM_071_PRIMAL3,745,112,0,0,0.5713403224945068,9.0,converged,-0.135755543645914,0.0,2.1591701950679185e-13,4.019058492779972e-07,4.019058492779972e-07,0.5776586532592773,11.0,converged,-0.1357557065965341,0.0,3.668484786778413e-13,1.5196026645967478e-07,1.5196026645967478e-07,0.0140004158020019,-0.1357558297781444,0.0,9.492855968278611e-09,1.2173461935788814e-08,1.2173461935788814e-08,0.3412759304046631,-0.1357555720384873,2.359309838466318e-08,8.447026179437059e-09,2.1370951387856487e-07,2.1370951387856487e-07,,0.0155143737792968,-0.1357558106207392,0.0,7.54915019237442e-09,3.1643694718819446e-08,3.1643694718819446e-08,0.0060071945190429,-0.1357558401184456,1.9760746327434253e-08,1.1205689856184572e-07,1.6896445398628985e-08,1.1205689856184572e-07,0.0332226000027731,-0.1357552198249133,0.0,2.736529495511591e-09,8.600851943131002e-07,8.600851943131002e-07,,
MM_072_PRIMAL4,1489,76,0,0,0.9783360958099364,9.0,converged,-0.7460905403563777,0.0,7.484724645623267e-13,2.574131254089371e-07,2.574131254089371e-07,0.783409595489502,8.0,converged,-0.7460904134227404,0.0,5.743599481609762e-10,3.818529737351444e-07,3.818529737351444e-07,0.0090010166168212,-0.7460905875623951,0.0,3.496261928274477e-07,5.00203458698265e-07,5.00203458698265e-07,0.7821202278137207,-0.746089086922205,0.0,1.10395510678242e-07,3.105356833451189e-07,3.105356833451189e-07,,0.0119974613189697,-0.7460906212886487,0.0,3.4752341073948986e-08,2.282738205744548e-07,2.282738205744548e-07,0.0060505867004394,-0.7460908445258636,1.1031824488651062e-08,3.040895506867605e-07,1.3017192645184057e-07,3.040895506867605e-07,0.0264144000830128,-0.7460903659294305,0.0,3.819358716723536e-10,4.205161646086895e-07,4.205161646086895e-07,,
MM_073_PRIMALC1,230,224,0,0,0.2292642593383789,8.0,converged,-6155.249691261579,0.0,1.4600200380264517e-11,3.2632391684362495e-07,3.2632391684362495e-07,0.2333061695098877,18.0,converged,-6155.250500399037,0.0,1.868102277027473e-09,6.319799074498326e-08,6.319799074498326e-08,0.0069992542266845,-6155.239817619313,0.0,8.888266733576188e-07,1.1414480100247442e-06,1.1414480100247442e-06,0.1045260429382324,-6155.246545500373,5.527004781827543e-14,0.0004337800804395,0.0001536902417884,0.0004337800804395,,0.0019965171813964,-6155.250769746976,0.0,1.7040169227958313e-12,2.0228609397474925e-08,2.0228609397474925e-08,0.0049998760223388,5.2597741478375896e+20,0.9999999990414242,1.0000549118664288,1.9999825308411203,1.9999825308411203,0.010037500062026,-6155.250829463304,1.4795384941149028e-15,2.0882065854265924e-10,4.764458912502475e-12,2.0882065854265924e-10,,
MM_074_PRIMALC2,231,236,0,0,0.2171874046325683,7.0,converged,-3551.30767445062,6.608545448256491e-12,1.0098252165016052e-10,1.1957376074751677e-08,1.1957376074751677e-08,0.2275834083557129,17.0,converged,-3551.306845035392,0.0,8.374632829952612e-12,3.206415068938387e-07,3.206415068938387e-07,0.0059998035430908,-3551.307587960505,0.0,1.5592247455844946e-09,3.818544644295424e-08,3.818544644295424e-08,0.1040561199188232,-3551.307632175808,6.285816139476924e-10,0.0002571178839137,0.0001337028509755,0.0002571178839137,,0.0019998550415039,-3551.3070316514186,0.0,1.831256036875601e-07,2.0287020037374363e-07,2.0287020037374363e-07,0.0039999485015869,5.282742593898109e+20,0.9999999999768968,1.0000645202916016,1.9999987580936769,1.9999987580936769,0.0097416000207886,-3551.307689889872,0.0,7.793500727686771e-13,3.0647055400382677e-09,3.0647055400382677e-09,,
MM_075_PRIMALC5,287,286,0,0,0.2480552196502685,12.0,converged,-427.2323240460033,0.0,1.3317992593629155e-11,1.3420713795621688e-08,1.3420713795621688e-08,0.1950986385345459,9.0,converged,-427.2323153025764,3.637085672662975e-11,1.5044405487148333e-07,2.4627623980038057e-08,1.5044405487148333e-07,0.0040004253387451,-427.2322937584409,0.0,6.870875133208646e-07,1.4739908432078233e-07,6.870875133208646e-07,0.1240425109863281,-427.232345856247,5.181289043782861e-12,0.000194823119942,3.361255537505072e-06,0.000194823119942,,0.002997875213623,-427.2323198135232,0.0,1.288381580973592e-12,2.2335888608288965e-08,2.2335888608288965e-08,0.0010013580322265,6.568975573287215e+20,0.9999999999910862,1.000208376745058,1.9999999836951916,1.9999999836951916,0.0115778999170288,-427.2323267759451,0.0,3.4687754979209314e-14,2.851434003301252e-11,2.851434003301252e-11,,
MM_076_PRIMALC8,520,511,0,0,0.4772403240203857,10.0,converged,-18309.440574835317,1.100018898433762e-12,2.2830501098224853e-08,7.682662203721461e-07,7.682662203721461e-07,0.3938157558441162,13.0,converged,-18309.42979469808,1.4209247051723876e-15,2.6702039477859374e-08,3.817377260097734e-09,2.6702039477859374e-08,0.0089998245239257,-18309.429715390324,0.0,1.0984999637605962e-08,8.901413533599561e-09,1.0984999637605962e-08,0.2210497856140136,-18309.4182162158,1.127059915161197e-12,0.0001085264552225,0.0001674581919146,0.0001674581919146,,0.0050008296966552,-18309.415971731258,0.0,6.652296376412218e-07,7.73768718370004e-07,7.73768718370004e-07,0.079012393951416,-31207493.522724643,0.0007232795288039,0.000214520034611,0.9581175040020156,0.9581175040020156,0.0118048000149428,-18309.429788384343,0.0,1.24760540238324e-12,3.3130460239953807e-12,3.3130460239953807e-12,,
MM_077_Q25FV47,1571,1876,515,0,2.2976653575897217,30.0,stalled,13744490.775129829,2.8340596166150553e-09,3.0077140787661566e-08,5.801278592263537e-06,5.801278592263537e-06,3.681802749633789,30.0,stalled,13746053.453390568,7.788892987371575e-12,1.28065744979971e-07,0.0002209454509719,0.0002209454509719,0.2981157302856445,13744447.923902432,9.29164494509415e-13,7.140649409572474e-08,2.2839983481787707e-09,7.140649409572474e-08,1.5508267879486084,13744439.493621036,3.716481475161497e-07,4.7758411617116434e-08,1.1209937719615157e-07,3.716481475161497e-07,,0.8139927387237549,13744465.854991091,1.2274602482450163e-09,3.186237957433725e-07,9.853568328836189e-07,9.853568328836189e-07,0.9593498706817628,13742682.36460604,9.14220628099726e-06,1.407341226426729e-05,0.0001166354394965,0.0001166354394965,0.2337922001024708,13744447.895183995,7.912436138389472e-13,1.5228911180738172e-11,4.08687101197927e-11,4.08687101197927e-11,,
MM_078_QADLITTL,97,138,15,0,0.1716198921203613,11.0,converged,480318.8635051346,7.38113427426759e-14,3.339697087960793e-09,5.2799491645120055e-08,5.2799491645120055e-08,0.3031063079833984,30.0,stalled,480469.6063182008,1.0761009133017587e-11,6.292481582669381e-08,0.0004216870135099,0.0004216870135099,0.0069994926452636,480318.86716767447,2.691191868705548e-13,7.58319036822998e-08,2.703043650258508e-08,7.58319036822998e-08,0.0725243091583252,480318.7263467273,2.554822740749639e-07,5.590937091029296e-06,3.098733737196839e-06,5.590937091029296e-06,,0.0009989738464355,480318.8661006874,1.4677026061538514e-15,1.16849029000294e-11,2.77297837711105e-08,2.77297837711105e-08,0.0070002079010009,480319.2200923369,4.289403777260941e-08,7.191552277288337e-07,5.110441833860294e-07,7.191552277288337e-07,0.0118598999688401,480318.85860513896,3.410124832376315e-15,1.5222387414625555e-10,1.726238418052645e-10,1.726238418052645e-10,,
MM_079_QAFIRO,32,51,8,0,0.1688208580017089,10.0,converged,-1.590781549610442,7.415056223357572e-15,4.0906447330813425e-09,4.100622368904528e-07,4.100622368904528e-07,0.2545886039733886,30.0,stalled,-1.4995086247859322,3.721862324507836e-12,4.4934304498033816e-05,0.0542252042179244,0.0542252042179244,0.0059995651245117,-1.5907811167662866,3.1579677144893343e-16,2.40208296867065e-08,3.976110631131018e-07,3.976110631131018e-07,0.0660398006439209,-1.5907772934824176,1.8083445765013392e-07,0.0003412942512184,0.0001608639811724,0.0003412942512184,,0.0009975433349609,-1.5907817577414287,1.5789838572446671e-16,5.0161894838851347e-14,3.727890026452799e-08,3.727890026452799e-08,0.0,-1.59077870545291,2.7934506107897236e-10,1.7328092978789962e-08,8.035474500557738e-07,8.035474500557738e-07,0.0102417999878525,-1.5907817354729463,1.2335811384723961e-17,3.3080653367957807e-09,3.3849196920333224e-08,3.3849196920333224e-08,,
MM_080_QBANDM,472,472,305,0,0.5534176826477051,26.0,diverged,16352.356860322405,2.382668140435882e-09,5.3200790957972314e-08,3.0852878878569146e-06,3.0852878878569146e-06,0.4641716480255127,26.0,diverged,16352.357650339454,2.0140317216261558e-10,8.698970151157816e-08,2.8201289910892672e-06,2.8201289910892672e-06,0.0120012760162353,16352.343118106704,7.471472546894534e-11,1.1311732156473932e-09,1.406255777636017e-07,1.406255777636017e-07,0.2008156776428222,16352.342878928725,2.091621725841017e-06,3.442770799016185e-06,6.787667349080848e-06,6.787667349080848e-06,,0.0079998970031738,16352.41792930318,1.609134102934627e-09,2.0769603484220047e-07,3.492808123220251e-07,3.492808123220251e-07,0.0840504169464111,16352.385008881138,8.336654312282505e-06,2.5812466832106293e-05,0.0001412562226357,0.0001412562226357,0.0183949000202119,16352.342097972803,6.053324927680849e-11,2.814293874993432e-09,7.542559133495453e-09,7.542559133495453e-09,,
MM_081_QBEACONF,262,295,140,0,0.3731446266174316,30.0,stalled,2505731.2379682045,0.0254194122002138,2.825870564688208e-12,1.000000004796903,1.000000004796903,0.489739179611206,30.0,stalled,180774.3333518644,2.4519284455723545e-08,1.9400942604425377e-06,0.1248056665975014,0.1248056665975014,0.0140008926391601,164712.71596021662,8.629033553137548e-14,6.289788556262276e-11,1.6566090279471313e-06,1.6566090279471313e-06,0.1235287189483642,164712.0596494542,1.7515009401226025e-08,9.432900537416846e-07,2.9306283470123e-08,9.432900537416846e-07,,0.0069997310638427,164712.2353645293,1.8926583273949306e-12,2.4671440021533437e-10,7.447078301587488e-07,7.447078301587488e-07,0.0525236129760742,164712.7120890811,8.738801676722823e-07,1.139394383145615e-09,4.570358402789941e-07,8.738801676722823e-07,0.0121933000627905,164712.06014982366,2.984917252943629e-14,3.1000646067790325e-13,1.0313636224196913e-12,1.0313636224196913e-12,,
MM_082_QBORE3D,315,346,214,0,0.5367200374603271,42.0,stalled,3131.8483788360727,0.0001014786332014,4.43801541290394e-07,0.003594727876449,0.003594727876449,0.6214859485626221,45.0,stalled,3225.568269791252,7.333779456399949e-06,9.167520272659758e-07,0.0172891870570332,0.0172891870570332,0.0100011825561523,3100.2008645696774,5.6627596668345796e-11,4.564378913557991e-13,2.36349967693098e-08,2.36349967693098e-08,0.1405580043792724,3100.2008016949976,3.884268527151753e-06,9.20984568799007e-07,1.9051353161545e-06,3.884268527151753e-06,,0.0079996585845947,3100.410718480417,7.58078135105508e-10,1.3498172722117194e-11,6.983015127680784e-07,6.983015127680784e-07,0.050567626953125,24029.23362854328,0.5552831409713402,0.001197235983849,1.4402913076682415,1.4402913076682415,0.0127583999419584,3100.200801807394,3.9926817391890037e-10,3.913824100633555e-11,3.0378704718376626e-11,3.9926817391890037e-10,,
MM_083_QBRANDY,249,303,166,0,0.3001518249511719,30.0,diverged,28375.1632007181,5.113557608076658e-07,1.0544431379001185e-07,3.486330330430531e-06,3.486330330430531e-06,0.3757288455963135,30.0,stalled,28375.13323038841,5.477234834920606e-09,9.829056625083294e-07,2.4188683696625426e-06,2.4188683696625426e-06,0.010000467300415,28375.115329652905,1.6406466460328643e-10,3.8168913411045005e-10,4.5489015966583375e-08,4.5489015966583375e-08,0.1185271739959716,28375.10708081421,1.4710396200580655e-06,2.836667405942345e-07,1.4333531025312136e-07,1.4710396200580655e-06,,0.006000280380249,28375.12941365449,2.664700035257578e-10,4.11301599655852e-08,3.559135975638547e-07,3.559135975638547e-07,0.0557143688201904,28392.82173605739,1.2252986743682442e-05,8.347602698230579e-05,0.0012272275323036,0.0012272275323036,0.0159683999372646,28375.11486328214,2.373388180089537e-12,2.5858257646593004e-10,5.697729189553677e-10,5.697729189553677e-10,,
MM_084_QCAPRI,353,615,142,0,0.2611086368560791,31.0,stalled,52051252.7099033,0.0112345389766714,3.385536817789868e-06,0.0424394343817353,0.0424394343817353,0.2350552082061767,30.0,stalled,53971876.30829057,0.0045736046513701,6.680696248965471e-06,0.0013891613668992,0.0045736046513701,0.0189986228942871,66793317.83887534,2.103084201868102e-09,8.130303403928924e-10,9.837282269295406e-07,9.837282269295406e-07,0.1930561065673828,66792503.49800107,1.6563245753620172e-05,5.6263647678684994e-08,5.357390255841551e-06,1.6563245753620172e-05,,0.0150008201599121,66793229.95436055,5.766056826522662e-10,3.385679762491656e-11,4.753034315925845e-07,4.753034315925845e-07,0.0745220184326171,43282959.19756282,0.0002894628853607,4.873989530196524e-07,0.1192850817227358,0.1192850817227358,0.0235217999434098,66793293.60330451,1.082661923691582e-10,1.316060119456407e-12,1.2699614166126031e-08,1.2699614166126031e-08,,
MM_085_QE226,282,472,33,0,0.2261383533477783,16.0,converged,205.54044521000785,1.6998803812380587e-11,6.812502208024206e-09,1.5000279766922369e-07,1.5000279766922369e-07,0.6386833190917969,30.0,stalled,205.54801033227864,1.2870316067242111e-11,2.79833768392478e-07,6.555570892164576e-05,6.555570892164576e-05,0.0130009651184082,205.5404354712841,1.2817321098614796e-13,1.5272266871190388e-09,1.8908764478497576e-08,1.8908764478497576e-08,0.147531509399414,205.54071812976125,5.05950547719273e-07,6.859851640046761e-06,2.319931757238306e-07,6.859851640046761e-06,,0.0119998455047607,205.54054519056564,1.0297401272865612e-11,5.02003114796496e-08,2.733288872708381e-07,2.733288872708381e-07,0.0765230655670166,205.7605528887614,1.706201885331339e-05,0.0008908090907807,0.00140426909749,0.00140426909749,0.0211825999431312,205.5404339155188,4.309689583683398e-13,8.466037492235193e-09,9.828143448491428e-09,9.828143448491428e-09,,
MM_086_QETAMACR,688,1033,272,0,0.8452529907226562,26.0,diverged,86760.39926790485,6.38255415122011e-08,3.302904980713076e-09,1.1880648143884611e-06,1.1880648143884611e-06,0.3981072902679443,24.0,diverged,86767.30607505751,3.251248925414567e-09,2.2656799710135705e-08,0.0002419535617625,0.0002419535617625,0.1065340042114257,86760.36971729762,5.813429528806968e-11,1.4112133410491691e-08,7.3808297366221175e-09,1.4112133410491691e-08,0.6042430400848389,86760.36586248479,8.910096788203506e-07,1.162812851062097e-07,9.115025835559643e-09,8.910096788203506e-07,,0.2377815246582031,86760.37197602395,1.122057466513817e-09,3.179785557359084e-11,6.926265695474928e-08,6.926265695474928e-08,0.3870973587036133,88322.05751323354,0.0002518803183257,1.159318366090093e-05,0.1011322514671303,0.1011322514671303,0.0369042999809607,86760.37113327126,5.4662603203347166e-11,2.5403516513401517e-11,4.2944152442963185e-08,4.2944152442963185e-08,,
MM_087_QFFFFF80,854,1028,350,0,1.8635594844818115,33.0,stalled,873468.2064902376,2.2096057661818258e-08,5.006325732492226e-09,2.5917112656833257e-05,2.5917112656833257e-05,3.141120433807373,43.0,stalled,876194.9780488601,6.732048628134519e-09,2.500559253795385e-08,0.007051037020898,0.007051037020898,0.0887720584869384,873147.5771149624,4.839523990662675e-13,1.7432272843125519e-12,1.6375934923728238e-07,1.6375934923728238e-07,0.5631635189056396,873149.1163950288,1.8184610462409548e-06,5.917001449656302e-05,3.7014064986690297e-06,5.917001449656302e-05,,0.0535156726837158,873147.5159710192,9.894119953429056e-13,6.549903342650999e-11,6.491849157902081e-08,6.491849157902081e-08,0.256650447845459,882442.9261325097,3.796441705280574e-05,2.667393036525395e-06,0.1432721936262401,0.1432721936262401,0.0615173000842332,873147.4845498744,1.505278892734576e-14,5.810872752543525e-11,4.819548664008719e-08,4.819548664008719e-08,,
MM_088_QFORPLAN,421,517,90,0,0.4578971862792969,24.0,diverged,7456631858.990558,7.48182525556552e-12,1.265182186344352e-07,5.175281766964302e-07,5.175281766964302e-07,0.5072431564331055,30.0,stalled,7456636909.6967745,4.2369375845246674e-12,1.778555062581761e-09,3.084379293176524e-05,3.084379293176524e-05,0.012000560760498,7456631756.76969,4.2998753123420805e-13,3.149891597739393e-10,6.125581619149068e-07,6.125581619149068e-07,,,,,,,"SolverError: Solver 'MOSEK' failed. Try another solver, or solve with verbose=True for more information.",0.0120003223419189,7456631466.064337,1.0549804013338136e-13,3.560826303206874e-11,1.998382818083124e-08,1.998382818083124e-08,0.0870435237884521,6918365434.936007,1.102120094869961e-06,4.353994320370853e-05,0.0572716290541662,0.0572716290541662,0.0183723999653011,7456631575.589924,3.185042140317865e-13,2.8961161508113024e-14,4.4854222323723456e-08,4.4854222323723456e-08,,
MM_089_QGFRDXPN,1092,1418,548,0,0.2330598831176757,11.0,converged,100790626356.36108,0.009618213509987,1.170311267831975e-09,6.708748635546084e-07,0.009618213509987,0.5446882247924805,30.0,stalled,100877451332.214,0.0052706333025593,1.1303060403814237e-06,0.0138413439646375,0.0138413439646375,0.0109996795654296,100790613484.2814,1.1156233144886251e-05,8.701031503479735e-10,5.728784344416681e-07,1.1156233144886251e-05,0.5082097053527832,,,,,,"Matrices must be 2d: (1092, 1092) * () is not valid",0.0110001564025878,100790711514.24084,2.0287260139973187e-07,2.28999415904384e-08,9.102183602873968e-07,9.102183602873968e-07,0.1316132545471191,100654649022.38364,0.90488769910548,3.394903348237939e-05,0.0064840263691007,0.90488769910548,0.0194502000231295,100790584870.46176,1.7593719948907425e-08,2.4028385950313448e-09,2.199711464725322e-13,1.7593719948907425e-08,,
MM_090_QGROW15,645,1245,300,0,1.4031438827514648,38.0,stalled,-100508207.85867368,0.0012602348848373,0.0082428632339036,0.0729990654612628,0.0729990654612628,1.2356219291687012,30.0,stalled,12347024837309.56,0.9999955235671124,0.9910796802466596,1.005283135372873,1.005283135372873,0.0220005512237548,-101693640.4682655,4.365574566604232e-10,3.0116494705764245e-08,3.5460240747070875e-14,3.0116494705764245e-08,0.2896268367767334,-101693511.21129408,0.5439478010658096,0.8224615665250048,2.734783437183692e-06,0.8224615665250048,,0.0170075893402099,-101693626.8017375,5.4349884868997474e-08,1.4085119248067918e-07,8.727852237344541e-07,8.727852237344541e-07,0.1650481224060058,-101495865.75593749,0.2438400806486839,0.0002434875239927,0.0010130966049673,0.2438400806486839,0.0229046000167727,-101693640.46654056,3.201421349215797e-10,1.3883202971028234e-09,4.274365697330942e-11,1.3883202971028234e-09,,
MM_091_QGROW22,946,1826,440,0,1.728273630142212,34.0,stalled,-147654300.11717102,0.0010680031548479,0.0006034988327997,0.090728945607452,0.090728945607452,1.5968148708343506,30.0,stalled,19082811807900.074,0.999995696529836,0.9870232884969546,1.0046714471951823,1.0046714471951823,0.0335254669189453,-149628953.4713755,3.5106495476110365e-10,7.681290715074835e-08,4.381846380238674e-15,7.681290715074835e-08,0.4806289672851562,-149628676.65891123,0.5685384854078324,0.8368249808458325,4.035177786589272e-06,0.8368249808458325,,0.0310080051422119,-149628947.73493123,2.1659721597334504e-08,2.297594308577504e-08,4.061144487333808e-07,4.061144487333808e-07,0.2470505237579345,-149642135.30174923,0.1801693096370461,0.000382472365447,0.0001660551326364,0.1801693096370461,0.0326888000126928,-149628953.47047883,5.529727783721615e-10,5.842461628959858e-10,4.230473505308554e-13,5.842461628959858e-10,,
MM_092_QGROW7,301,581,140,0,0.9543178081512452,41.0,stalled,-42433018.57432379,0.0003573929428706,0.0224350024845515,0.0339353521716565,0.0339353521716565,0.6821277141571045,30.0,stalled,6297709307011.113,0.9999948824991202,1.0237913632087077,1.008831100382633,1.0237913632087077,0.015000581741333,-42798713.872539535,3.9290171101153324e-10,2.738140666139738e-08,1.6189831811010386e-13,2.738140666139738e-08,0.1380536556243896,-42798672.932412736,0.4180399620620313,0.4882539608559437,1.960078636098789e-06,0.4882539608559437,,0.0089988708496093,-42798712.51596736,1.6985259754575436e-08,5.625348404867176e-08,2.1093501027762642e-07,2.1093501027762642e-07,0.0756642818450927,-43014921.33785361,0.5067453008464021,0.0009152673992558,0.0009066947392333,0.5067453008464021,0.0161665000487118,-42798713.87186547,7.130438456815441e-10,6.368095496185518e-10,2.9190440839077124e-11,7.130438456815441e-10,,
MM_093_QISRAEL,142,316,0,0,0.2570674419403076,23.0,converged,25347840.168197576,0.0,4.0862388499933683e-14,2.2699919099344813e-07,2.2699919099344813e-07,0.2105789184570312,25.0,converged,25347839.56355934,0.0,6.058550704637099e-14,1.6968277885872146e-07,1.6968277885872146e-07,0.0125203132629394,25347838.148765404,0.0,1.6173135188785793e-07,2.335958075586253e-08,1.6173135188785793e-07,0.0956134796142578,25347794.949189942,2.1550518780838887e-09,5.109193586253593e-07,4.516562812621009e-07,5.109193586253593e-07,,0.0060014724731445,25347852.655318502,0.0,1.1860852897910481e-07,8.028419463375085e-07,8.028419463375085e-07,0.0430519580841064,25348092.855072796,5.649625342378479e-07,3.4146000595902045e-05,4.501291716321272e-06,3.4146000595902045e-05,0.0245288000442087,25347837.789128125,0.0,7.234393526235502e-12,1.667044208659611e-12,7.234393526235502e-12,,
MM_094_QPCBLEND,83,114,43,0,0.1700551509857177,13.0,converged,-0.0078425194106858,2.358974127142352e-12,1.7507069463524974e-08,5.7082652337806775e-08,5.7082652337806775e-08,0.183535099029541,19.0,diverged,-0.0078421105272325,1.5005986643729842e-13,4.042842441632448e-06,1.0559339629711782e-06,4.042842441632448e-06,0.0070016384124755,-0.0078425420607498,7.784202969706671e-14,8.615378799365346e-08,1.608962645063147e-09,8.615378799365346e-08,0.0742566585540771,-0.0078155917193764,9.953118322897962e-09,4.537245163089354e-05,1.0378733960961768e-05,4.537245163089354e-05,,0.0019977092742919,-0.0078422440310471,3.560596813781509e-12,1.211327856066223e-15,7.727947464710716e-07,7.727947464710716e-07,0.00700044631958,-0.0078431960167598,6.225530455962073e-09,5.991222450365016e-08,2.933605318684707e-07,2.933605318684707e-07,0.0123904999345541,-0.0078424019592333,1.0625181290357945e-17,9.406342422963152e-08,3.572303597340026e-07,3.572303597340026e-07,,
MM_095_QPCBOEI1,384,971,9,0,0.2991058826446533,12.0,converged,11503914.499690862,3.905824067921067e-09,3.192969130868629e-10,1.4585714027545494e-07,1.4585714027545494e-07,0.3417003154754638,18.0,converged,11503914.176054448,9.441457395580795e-12,3.750267553653463e-08,4.8937480596984564e-08,4.8937480596984564e-08,0.0160112380981445,11503914.013543582,3.0564847814030985e-13,2.8496374132455825e-08,1.2880653905612574e-09,2.8496374132455825e-08,0.1194663047790527,11503881.83565762,2.051375221047529e-06,4.468178847779767e-06,5.322639902213351e-06,5.322639902213351e-06,,0.0100011825561523,11503915.634720974,9.584031439641652e-09,6.868539973004064e-06,9.756302894457446e-07,6.868539973004064e-06,0.1132533550262451,11495442.56474914,3.777764562014136e-05,2.88107985486565e-06,0.0006976332389277,0.0006976332389277,0.0214785999851301,11503914.009962808,1.7552933195654592e-14,5.99763263977782e-11,6.128996244394806e-11,6.128996244394806e-11,,
MM_096_QPCBOEI2,143,378,4,0,0.2160539627075195,22.0,converged,8171962.767072073,5.295141067348379e-07,1.1950631520002272e-14,7.362020908567431e-07,7.362020908567431e-07,0.2031052112579345,23.0,diverged,8171964.180495732,8.686740215280512e-11,1.32796070907792e-10,8.664355504298305e-07,8.664355504298305e-07,0.0110001564025878,8171962.244360345,4.965725898109025e-12,3.1516616244218325e-13,9.283625186184709e-11,9.283625186184709e-11,0.0810518264770507,8171959.5416416945,2.555363786079259e-07,4.990841177012732e-10,6.611520898565748e-07,6.611520898565748e-07,,0.0050001144409179,8171963.707900533,1.9410174260152103e-08,1.5248003642051846e-11,9.19994026399779e-07,9.19994026399779e-07,0.036008596420288,7199345.757618484,0.0024218577318945,9.55007678188118e-08,0.0047234602998684,0.0047234602998684,0.0156111000105738,8171962.244330442,4.053520804039008e-15,5.5107843713151266e-15,3.298164040088051e-13,3.298164040088051e-13,,
MM_097_QPCSTAIR,467,696,209,0,0.2711760997772217,30.0,converged,6204387.757265193,3.8042367729717546e-08,1.069205912508852e-10,3.342540666901029e-07,3.342540666901029e-07,0.2250642776489257,23.0,converged,6204388.0809099,8.680727649602351e-09,5.683079672250987e-11,3.821244117981388e-07,3.821244117981388e-07,0.0199987888336181,6204387.525568036,6.816465784575183e-11,8.370997426312437e-09,2.68176659627788e-08,2.68176659627788e-08,0.1000206470489502,6204257.688216718,7.621144389250308e-06,4.885824397497615e-07,4.139715170782612e-05,4.139715170782612e-05,,0.0165567398071289,6204387.33727012,1.0834217704390108e-08,5.229328025202506e-10,9.143792684030124e-07,9.143792684030124e-07,0.1195335388183593,6089890.411463696,0.0007670467349103,9.795938307785516e-07,0.013050989489621,0.013050989489621,0.031137500074692,6204387.477558246,3.128834786147208e-16,3.667864216276035e-09,4.063050132603699e-10,3.667864216276035e-09,,
MM_098_QPILOTNO,2172,2990,701,0,5.2364501953125,32.0,stalled,4728614.339763709,0.0001882113766817,1.8529323242255517e-11,7.986623259906681e-05,0.0001882113766817,4.878492116928101,35.0,stalled,4734380.603021475,9.153116220565151e-05,2.8658907679255843e-08,0.0224487556853152,0.0224487556853152,0.1435229778289795,4728592.446146039,8.03364264845797e-09,2.099079377452893e-11,1.913681076943805e-05,1.913681076943805e-05,1.426750898361206,4728620.4846699415,3.408203010843828e-05,2.8048335769368647e-06,1.4206195943204867e-05,3.408203010843828e-05,,1.9749972820281985,4728587.093889159,2.782651454377803e-07,1.773924751514194e-11,2.6116484662352064e-07,2.782651454377803e-07,0.7546775341033936,4718249.598271457,0.0005884907130997,4.540779978580416e-05,0.0009722665432373,0.0009722665432373,0.1230894000036642,4728586.899039505,8.542782652396936e-12,3.7851758454434176e-15,3.817731165204936e-11,3.817731165204936e-11,,
MM_099_QPTEST,2,5,0,0,0.1520447731018066,5.0,converged,4.3718750288319,0.0,1.3280825279849498e-13,1.5440166214987893e-07,1.5440166214987893e-07,0.1365265846252441,7.0,converged,4.371875015933164,0.0,1.8600595132367715e-16,2.212823981731628e-08,2.212823981731628e-08,0.0029993057250976,4.371875203975574,0.0,3.1651266541712724e-08,6.510288252314959e-07,6.510288252314959e-07,0.0652353763580322,4.371876707114311,0.0,0.0001055951308653,5.948790333881551e-05,0.0001055951308653,,0.0009989738464355,4.371875030974426,0.0,2.1980323245933355e-12,1.6648805198774284e-08,1.6648805198774284e-08,0.0,4.371875000087307,0.0,3.945279239976248e-12,1.7609720804274816e-11,1.7609720804274816e-11,0.0096265999600291,4.371875009278725,0.0,3.69182203123252e-10,9.909227041332465e-08,9.909227041332465e-08,,
MM_100_QRECIPE,180,299,67,0,0.4493806362152099,30.0,stalled,-208.8937707485832,0.7889343540851192,0.002589578221238,0.9532495069137,0.9532495069137,0.4633691310882568,30.0,stalled,-232.13410829480745,1.0365254808674723e-06,3.3974270788603627e-06,0.2396844694873298,0.2396844694873298,0.0079998970031738,-266.6159685653324,1.9431949263682896e-11,2.0402284516115667e-13,2.397085828573589e-07,2.397085828573589e-07,0.1000432968139648,-266.615723196841,5.3627078971884695e-09,0.0008595966210461,1.2853071967759048e-07,0.0008595966210461,,0.0020010471343994,-266.61597227690714,7.134790569026767e-12,7.278086153381672e-16,2.687465772347127e-07,2.687465772347127e-07,0.0050001144409179,-266.6161706899238,1.754137889322101e-08,1.1945732929103328e-07,9.744307202247316e-07,9.744307202247316e-07,0.012355100014247,-266.6159761254526,9.313225737481167e-10,4.088122546611523e-09,1.7741606041539664e-07,1.7741606041539664e-07,,
MM_101_QSC205,203,317,91,0,0.4491150379180908,30.0,stalled,0.0050249077712337,6.938166964950935e-07,1.2658086971162605e-06,0.0330729155262008,0.0330729155262008,0.3377866744995117,30.0,stalled,0.9417149768047292,4.932497936859396e-07,4.42012912905154e-06,0.9737684247873868,0.9737684247873868,0.00700044631958,-0.0058130379951703,2.273736754431804e-13,1.81347835934214e-12,9.762716926750267e-07,9.762716926750267e-07,0.1010634899139404,-0.0058074982249147,5.551115123125783e-17,0.0008782312939832,5.7958705871410505e-06,0.0008782312939832,,0.0029990673065185,-0.005813932557747,8.879980084578351e-13,2.2544246486836123e-13,5.884399038684652e-08,5.884399038684652e-08,0.0019977092742919,-0.005814023717651,1.998654243795164e-08,2.466919067634077e-07,7.963832625430551e-07,7.963832625430551e-07,0.0130013999296352,-0.005810711130485,1.0373923942086699e-12,9.944565321218236e-08,3.739709289868188e-06,3.739709289868188e-06,,
MM_102_QSCAGR25,500,671,300,0,0.7496201992034912,30.0,stalled,201748913.9787976,4.946851943022226e-10,1.5718130034113384e-06,0.0001721096428913,0.0001721096428913,0.518887996673584,30.0,stalled,201760717.38890904,6.598976465170793e-13,0.0001871197124029,7.846087933193061e-05,0.0001871197124029,0.0089998245239257,201737939.0135334,1.669709278536518e-12,1.9143243440341403e-08,1.4466727118588972e-08,1.9143243440341403e-08,0.2222816944122314,201521969.89296708,0.0005758390148687,0.0004580318140094,0.0001635725598943,0.0005758390148687,,0.0059998035430908,201738123.57310012,7.907503565624648e-16,5.992563177851599e-08,5.230333708746711e-07,5.230333708746711e-07,0.0670087337493896,201757905.60745192,4.82535667911527e-06,1.6334562434508973e-05,2.58858314141586e-05,2.58858314141586e-05,0.0158826999831944,201737938.37164143,2.1956501567217582e-13,4.894042732059827e-12,1.1339593700630773e-12,4.894042732059827e-12,,
MM_103_QSCAGR7,140,185,84,0,0.3293013572692871,30.0,stalled,26866855.541267216,5.051787110148929e-10,3.3297688273068995e-06,0.0001486513454971,0.0001486513454971,0.3607861995697021,30.0,stalled,26872389.239477094,2.0208260433333902e-10,1.954972587092966e-06,0.0007611380447809,0.0007611380447809,0.0060000419616699,26865951.071232878,1.631839136748666e-12,6.071936637687505e-10,2.910142244224548e-07,2.910142244224548e-07,0.0741031169891357,26865951.14245443,2.478552783722197e-07,5.746106203001032e-07,1.3060697840507084e-06,1.3060697840507084e-06,,0.0019981861114501,26865960.322198644,2.635834521874882e-16,4.3646543629368664e-08,4.792005942543218e-07,4.792005942543218e-07,0.0171611309051513,26865258.6341203,0.0001378055817216,1.6138727014685934e-05,0.0002011511208077,0.0002011511208077,0.0118231000378727,26865948.589300863,4.415022824140426e-14,2.3394421750827867e-12,1.4376768907470414e-11,1.4376768907470414e-11,,
MM_104_QSCFXM1,457,600,187,0,0.3031330108642578,31.0,diverged,16882528.060888555,6.297977438932913e-07,2.730871276762082e-07,2.9650963073812547e-06,2.9650963073812547e-06,0.4391207695007324,30.0,stalled,16882947.953733347,4.123268763635474e-09,4.617005394003768e-06,4.496514965673177e-05,4.496514965673177e-05,0.0149991512298583,16882706.527207647,5.38383342305205e-10,7.578159468209437e-08,2.240184759413109e-06,2.240184759413109e-06,0.2125725746154785,16882670.925756015,3.993356562487116e-06,2.851793201881615e-08,1.0883004903797769e-06,3.993356562487116e-06,,0.0130009651184082,16882693.030402694,4.721262306922054e-10,2.154824993306331e-07,4.904402030953819e-07,4.904402030953819e-07,0.0855672359466552,13566084.770954994,0.000140055832645,1.6491085836117492e-05,0.1350767530274992,0.1350767530274992,0.0237977000651881,16882691.639320087,2.9368198326754285e-14,4.20032118487193e-13,5.353147425677813e-13,5.353147425677813e-13,,
MM_105_QSCFXM2,914,1200,374,0,0.5036695003509521,36.0,stalled,27776693.4640315,5.48658112015988e-07,3.995115995828259e-07,0.0001179682616052,0.0001179682616052,0.4656260013580322,29.0,diverged,27777844.56964592,1.7989107507572487e-08,3.305697870738924e-05,0.0002818504153414,0.0002818504153414,0.026036262512207,27776169.238744654,6.024066497774796e-10,9.482573847535565e-08,9.391431243027784e-07,9.391431243027784e-07,0.48150634765625,27775472.17955921,1.0341077520282433e-05,1.2493179409546956e-06,2.1554002665572536e-05,2.1554002665572536e-05,,0.0320096015930175,27776164.794448167,3.6276946117151006e-10,1.2763176185252786e-07,2.811614750808968e-07,2.811614750808968e-07,0.1870784759521484,22648720.02786065,0.000228519437971,6.43250651725464e-05,0.1224727983905494,0.1224727983905494,0.0393102000234648,27776161.578622807,4.078015016274855e-14,3.0799480031717417e-12,8.057824420420317e-13,3.0799480031717417e-12,,
MM_106_QSCFXM3,1371,1800,561,0,0.9747929573059082,45.0,stalled,30816952.422062244,1.6650237326967069e-06,9.259561951659038e-06,0.0003001032487798,0.0003001032487798,0.5904934406280518,30.0,stalled,30818269.554401245,1.5301130073265717e-08,8.056441328830219e-07,0.0002771809967225,0.0002771809967225,0.0330004692077636,30816369.356072087,7.545570655242118e-10,9.137964876464747e-08,1.4677009121453353e-06,1.4677009121453353e-06,0.8121051788330078,30816478.925306477,3.157702249293139e-07,4.737643131620088e-06,1.802329270279889e-05,1.802329270279889e-05,,0.0505249500274658,30816363.09335336,4.1482608687778285e-10,1.301014428543467e-07,4.001210958826605e-07,4.001210958826605e-07,0.2939493656158447,24453548.50281636,0.0002538995204524,0.0001056437509616,0.1461116061242706,0.1461116061242706,0.0557048000628128,30816354.47089565,1.3430407013810965e-12,5.249921831772084e-12,1.7499571748990904e-12,5.249921831772084e-12,,
MM_107_QSCORPIO,358,466,280,0,0.1757643222808838,10.0,converged,1880.5095607713604,1.8554112014353007e-10,3.438285701318823e-11,1.2100133732474268e-08,1.2100133732474268e-08,0.1670632362365722,13.0,converged,1880.510136726127,1.1049249520035432e-09,8.117505533609714e-10,7.538230845723105e-07,7.538230845723105e-07,0.008000373840332,1880.509837042716,2.220901400651788e-10,2.907909000166751e-09,4.246549233539498e-07,4.246549233539498e-07,0.1520566940307617,1880.501078651972,2.5444057746549684e-06,1.584943209096015e-06,7.29855234191366e-07,2.5444057746549684e-06,,0.0030009746551513,1880.509204077752,3.196957122854613e-08,2.2083682868729243e-07,1.659231939645623e-07,2.2083682868729243e-07,0.052525520324707,1881.065717296512,5.626757279416002e-05,0.0001141908356746,0.0004577749049001,0.0004577749049001,0.0132387999910861,1880.5095702797933,2.8893554215868866e-14,4.3843127822725562e-16,1.7117799240402747e-08,1.7117799240402747e-08,,
MM_108_QSCRS8,1169,1275,384,0,0.379183292388916,30.0,stalled,16785.60585022866,0.9718591334336258,8.531723741613412e-11,1.000000001753001,1.000000001753001,1.1511542797088623,30.0,stalled,923.5526971674624,3.970014369473228e-08,2.225522118575575e-06,0.0305557787554748,0.0305557787554748,0.0180075168609619,904.5603146438172,4.7968008035059214e-11,3.9529862599231896e-08,5.427628719189617e-07,5.427628719189617e-07,0.5382509231567383,904.5580905796262,4.312648817417052e-06,2.5495841997402823e-08,2.0062947302786e-08,4.312648817417052e-06,,0.0240027904510498,904.6312412593372,1.0557653442072504e-11,7.553961216479154e-09,7.985758211190585e-07,7.985758211190585e-07,0.146207571029663,908.1568266426837,1.756263174263645e-05,2.256879241368192e-05,0.0144459176425567,0.0144459176425567,0.0221994000021368,904.56036824901,5.3068660577079674e-14,1.8515269022779343e-10,4.575930334951441e-07,4.575930334951441e-07,,
MM_109_QSCSD1,760,760,77,0,0.4081630706787109,15.0,converged,8.666666690470949,8.071321389024237e-14,2.32830007382634e-08,1.6999328799273646e-09,2.32830007382634e-08,0.2565772533416748,10.0,converged,8.66667393477603,6.3251209825310176e-12,1.6645540624926794e-10,7.932237951463926e-07,7.932237951463926e-07,0.0069999694824218,8.66666784855939,3.746447596597592e-13,1.0724082308819499e-09,1.315518266223931e-07,1.315518266223931e-07,0.3251171112060547,8.666661344146855,3.571479073594119e-08,1.842412309067787e-05,2.7051681551914417e-08,1.842412309067787e-05,,0.0040004253387451,8.666662501665888,4.7409161592401375e-09,5.781036746461049e-09,3.825929935157425e-07,3.825929935157425e-07,0.0325241088867187,8.666665561027415,1.1779020907719805e-06,9.794665086740656e-08,1.1760517377117113e-07,1.1779020907719805e-06,0.0176165000302717,8.666667467508217,3.0801831197132575e-15,1.3199343506405544e-08,8.944213069980689e-08,8.944213069980689e-08,,
MM_110_QSCSD6,1350,1350,147,0,0.8885211944580078,21.0,diverged,50.80841850077693,1.6014206626642143e-10,4.1100623403196717e-10,4.516524454189252e-06,4.516524454189252e-06,0.7766480445861816,20.0,diverged,50.8083656995345,2.4662045833894417e-11,8.337385559766714e-08,3.3994532126728545e-06,3.3994532126728545e-06,0.0110001564025878,50.80821411210916,2.304822999121294e-13,2.395612199077117e-08,5.267502208378032e-09,2.395612199077117e-08,0.6985154151916504,50.80820243095458,1.3117921471295093e-08,5.523381005860272e-06,7.966058949669036e-08,5.523381005860272e-06,,0.009000539779663,50.80818675156137,2.865429195416325e-08,4.04632021098814e-08,1.3444861902327812e-08,4.04632021098814e-08,0.1475253105163574,50.77844197322098,9.685881950238284e-05,5.6323449701144855e-06,0.000169341703339,0.000169341703339,0.0235848999582231,50.80821800204456,3.915756607852185e-13,8.204041943789861e-08,9.751042321775294e-08,9.751042321775294e-08,,
MM_111_QSCSD8,2750,2750,397,0,0.3456339836120605,9.0,converged,940.7637001505548,7.574947078567482e-10,6.986302642867316e-10,1.996650931306761e-07,1.996650931306761e-07,0.3683459758758545,12.0,converged,940.7636514406064,1.7895738126618742e-10,1.0648937934908171e-09,1.322054649417293e-07,1.322054649417293e-07,0.0145671367645263,940.7635792292224,1.6217752543586414e-14,6.401043146598178e-07,1.7133480146954e-08,6.401043146598178e-07,1.7324206829071045,940.7634183105376,8.466676515439532e-08,1.875765086174569e-07,6.101846286873646e-10,1.875765086174569e-07,,0.0150001049041748,940.7651937682728,3.692636141196352e-08,8.614918300897295e-07,6.514559544214658e-07,8.614918300897295e-07,0.1236793994903564,940.7629281336395,5.206582527812858e-07,5.127471348185196e-07,9.308786178235572e-07,9.308786178235572e-07,0.0365490999538451,940.7636324177178,1.274445286925157e-14,2.3334336919692727e-08,1.5165467341171584e-07,1.5165467341171584e-07,,
MM_112_QSCTAP1,480,660,120,0,0.1950445175170898,12.0,converged,1415.8617289492802,3.000568340339403e-09,1.0115204993403987e-09,9.167029793290486e-07,9.167029793290486e-07,0.1939880847930908,16.0,converged,1415.8611636708763,3.234146284009961e-11,1.298670538099817e-10,6.67598064923209e-08,6.67598064923209e-08,0.0101001262664794,1415.8611198437602,1.7964296716532016e-11,1.185996095305757e-08,3.34160709886878e-08,3.34160709886878e-08,0.2060773372650146,1415.8594282190825,3.434655841187721e-07,3.943421861456566e-07,5.1586503753152985e-08,3.943421861456566e-07,,0.0055172443389892,1415.8611031093058,9.087897388867236e-09,3.2661308774017466e-08,1.2422967514167413e-08,3.2661308774017466e-08,0.0695281028747558,1412.1944551666354,5.820256846656521e-05,0.0002579685364384,0.0025793816476035,0.0025793816476035,0.0167777999304234,1415.8611648783822,1.1102230246251563e-16,2.651327717323198e-09,8.571755945154605e-08,8.571755945154605e-08,,
MM_113_QSCTAP2,1880,2500,470,0,0.2785854339599609,8.0,converged,1735.0265676852769,1.3055390100801388e-10,2.2505567433445478e-10,6.850196920668384e-08,6.850196920668384e-08,3.628023624420166,30.0,stalled,1735.0290587987454,1.08674846887869e-10,4.853685880978173e-10,2.474713829029921e-06,2.474713829029921e-06,0.0179998874664306,1735.027135201952,7.036826676414245e-11,5.6890599271952194e-08,4.606504942382722e-07,4.606504942382722e-07,1.0476415157318115,1735.026498877779,2.2506469019622182e-10,6.27709489962768e-07,1.8597984796622225e-08,6.27709489962768e-07,,0.0170009136199951,1735.0265086199652,5.187749794187642e-09,7.818462566544843e-08,5.1658636578628114e-08,7.818462566544843e-08,0.2980968952178955,1735.0901553229587,3.754316088650264e-05,0.0001053639113968,4.005104019590379e-05,0.0001053639113968,0.0350838999729603,1735.0272052504108,1.1102230246251563e-16,1.2317275810283924e-08,7.3752338048312e-07,7.3752338048312e-07,,
MM_114_QSCTAP3,2480,3340,620,0,0.307100772857666,8.0,converged,1438.7547392973445,4.3810871584027164e-10,5.301765837116891e-10,6.614841449727099e-08,6.614841449727099e-08,0.8697645664215088,18.0,converged,1438.7546893714857,1.1524114995607797e-13,4.274554306775797e-07,1.610250645347548e-08,4.274554306775797e-07,0.0253651142120361,1438.7547625337452,1.7226664538997018e-11,2.3434086607119405e-10,9.328928355803338e-08,9.328928355803338e-08,1.5725619792938232,1438.7560445040483,1.9071634241362177e-07,4.352819191225049e-06,2.0172253425037718e-07,4.352819191225049e-06,,0.0230000019073486,1438.7546870950905,8.837889612887218e-09,1.4357480150280956e-07,1.170281522520155e-07,1.4357480150280956e-07,0.4086141586303711,1438.2163807866268,0.0002383144800834,3.144716255887135e-05,0.000375413887998,0.000375413887998,0.0476111000170931,1438.754689104817,1.1102230246251563e-16,1.2103812504160044e-08,9.34712108263813e-09,1.2103812504160044e-08,,
MM_115_QSEBA,1028,1550,507,0,0.3245799541473388,30.0,stalled,14459971.857448664,0.9984973049369212,0.001455015196472,0.1854713980977178,0.9984973049369212,0.4415233135223388,30.0,stalled,81483501.67187223,1.2204556117960774e-08,5.083179525385611e-07,6.973159225544953e-05,6.973159225544953e-05,0.0170004367828369,81481800.37178436,1.7399638313884224e-11,2.1102243139830029e-10,1.0037546279885231e-09,1.0037546279885231e-09,0.4878063201904297,81481735.79755345,4.13286656609401e-07,4.862774226455024e-08,7.156203222970343e-06,7.156203222970343e-06,,0.0240001678466796,81481865.70823349,2.9104416585323675e-10,8.543223581000379e-09,9.68543099216782e-07,9.68543099216782e-07,0.1660478115081787,75282051.73967817,0.0002539788283056,2.162308887541535e-06,0.0762964972401683,0.0762964972401683,0.017103899968788,81481800.35676989,1.1932120737113768e-11,2.1499920531308405e-13,7.768622158253939e-13,1.1932120737113768e-11,,
MM_116_QSHARE1B,225,253,89,0,0.2757244110107422,30.0,stalled,3498067.4297787454,0.999962711100574,1.6226231797860143e-10,1.0000000000295624,1.0000000000295624,0.4584133625030517,30.0,stalled,743293.3197757014,1.713789340054394e-08,0.0073671832530941,0.1037355650814251,0.1037355650814251,0.0109994411468505,720078.3586772474,1.8053978108725234e-11,1.715316970601281e-07,5.6497675918693556e-08,1.715316970601281e-07,0.1092855930328369,720078.2573133449,6.184887449846914e-06,1.9885891945686066e-07,1.4658915428214992e-07,6.184887449846914e-06,,0.0050015449523925,720089.8437970327,1.2473532098122714e-13,1.6850994750387514e-06,2.110485420660364e-07,1.6850994750387514e-06,0.0330080986022949,1435096.6317900897,0.0110759193506048,5.042268099365177e-06,1.0009115045496009,1.0009115045496009,0.014069200027734,720078.3181584673,2.5015065408814097e-11,1.0403134276819799e-11,1.2438415310003115e-11,2.5015065408814097e-11,,
MM_117_QSHARE2B,79,162,13,0,0.1875712871551513,21.0,converged,11703.690108906772,3.46958902716287e-08,2.9411284659437062e-09,4.531068700467212e-07,4.531068700467212e-07,0.1676816940307617,18.0,converged,11703.692502653954,8.576589174308043e-12,2.3420879216536475e-08,1.996951625273813e-07,1.996951625273813e-07,0.0070002079010009,11703.69222085348,1.336497050596361e-14,1.3805480695889823e-08,4.8149404775809096e-08,4.8149404775809096e-08,0.0710470676422119,11703.68591083416,7.576483162334094e-07,4.398308443780872e-08,1.7204912628956092e-06,1.7204912628956092e-06,,0.0019996166229248,11703.711233561497,5.4321652493667554e-08,7.520610324141293e-08,3.492991381848632e-07,3.492991381848632e-07,0.0175700187683105,11597.150356541792,0.0027145479194708,1.0116789297401976e-05,0.0032852243289919,0.0032852243289919,0.0135846000630408,11703.691725955468,2.22486899619469e-12,4.1914250665895856e-11,8.85064453657972e-10,8.85064453657972e-10,,
MM_118_QSHELL,1775,2144,534,0,2.778811454772949,30.0,stalled,1572638731721.0586,1.819787225561001e-05,2.544913849212777e-07,3.0102807495487386e-06,1.819787225561001e-05,0.9248836040496826,30.0,stalled,1577979397505.727,2.9972848733728152e-05,8.067197553633241e-06,0.0151842129380669,0.0151842129380669,0.125525951385498,1572637083305.0232,8.575226903739687e-08,2.747190178769512e-07,3.215290873715929e-07,3.215290873715929e-07,4.062570333480835,,,,,,"Matrices must be 2d: (1775, 1775) * () is not valid",0.3744556903839111,1572637544846.4128,4.217781679294058e-11,8.449167078676006e-09,8.513869299740235e-07,8.513869299740235e-07,0.5986769199371338,1569918298263.554,0.0175032558570809,2.0877857031293945e-06,7.034906446916041e-05,0.0175032558570809,0.0423056000145152,1572637512464.0068,1.1915160507050908e-05,1.7333609747029181e-12,7.183302727721993e-07,1.1915160507050908e-05,,
MM_119_QSHIP04L,2118,2166,354,0,0.5325286388397217,12.0,converged,2420015.907248183,9.47097463852678e-09,1.8163686019897333e-07,1.2362496916216188e-07,1.8163686019897333e-07,0.6142096519470215,18.0,diverged,2420016.3326639794,8.700492342943596e-13,1.842165557016921e-08,7.569852196184082e-07,7.569852196184082e-07,0.0115196704864501,2420015.5761646326,3.6000269639610136e-12,4.1952216182440714e-09,2.7272430830081114e-08,2.7272430830081114e-08,1.138460397720337,2420015.46123719,2.4606782470728773e-08,3.697553566813348e-06,2.7373227737207674e-06,3.697553566813348e-06,,0.0140058994293212,2420019.3810161054,3.408595564921635e-11,7.091170453696862e-07,5.350214508545444e-07,7.091170453696862e-07,0.2247500419616699,2419931.0929301595,9.251302293456356e-06,1.8555072287566747e-07,3.44755251015342e-05,3.44755251015342e-05,0.0226607000222429,2420015.858225312,1.2765387497911198e-13,2.2257116355242065e-15,1.6647761107493026e-07,1.6647761107493026e-07,,
MM_120_QSHIP04S,1458,1506,354,0,0.3702435493469238,12.0,converged,2424993.915458863,5.789880823676563e-09,1.221843440903279e-07,9.826073517233985e-08,1.221843440903279e-07,0.6272046566009521,19.0,diverged,2424993.848597757,3.341051598383729e-13,1.1399134374094313e-08,4.387987421446337e-07,4.387987421446337e-07,0.0099976062774658,2424993.712047699,7.361925632099801e-12,8.191527314081438e-09,3.3128937534545104e-08,3.3128937534545104e-08,0.6967935562133789,2424993.448742805,7.679996958090608e-08,4.00063632140985e-06,3.322602917455029e-06,4.00063632140985e-06,,0.0105149745941162,2424993.9875756777,2.039544549639284e-12,4.676294614797776e-08,4.818146810820914e-08,4.818146810820914e-08,0.1025233268737793,2424994.394319671,8.14654565583768e-07,8.962189851220992e-07,3.047586100411356e-07,8.962189851220992e-07,0.019607999944128,2424993.674647723,6.406225872299727e-14,1.2116579376780538e-10,7.928971369503943e-10,7.928971369503943e-10,,
MM_121_QSHIP08L,4283,4363,698,0,0.9163012504577636,14.0,converged,2376040.7008726927,1.3303014377949382e-09,1.4225618419815436e-08,4.028177854022077e-08,4.028177854022077e-08,1.4805681705474854,18.0,diverged,2376044.399498421,4.641512350699994e-12,5.133063749907936e-08,3.553145406388275e-06,3.553145406388275e-06,0.2117602825164795,2376040.6415906018,2.2603030814051608e-11,1.4499750197450664e-07,1.8302185694094124e-08,1.4499750197450664e-07,5.260182857513428,2376039.3350010547,3.578587479945631e-06,5.441368735547648e-06,6.3187902294419e-07,5.441368735547648e-06,,0.7845399379730225,2376043.820673577,2.037714494799791e-11,1.6609126761112209e-07,6.06918116421867e-07,6.06918116421867e-07,1.4152588844299316,2375930.3848612234,7.598969100460129e-06,6.4663547321852e-08,4.1428663073584616e-05,4.1428663073584616e-05,0.1603038000175729,2376040.636716604,1.7019707050143225e-12,4.652908228292573e-14,1.0584772406777222e-08,1.0584772406777222e-08,,
MM_122_QSHIP08S,2387,2467,698,0,0.4829304218292236,14.0,converged,2385729.0647090133,3.4000223221472145e-08,4.2817881516872605e-07,7.231213384753075e-08,4.2817881516872605e-07,0.6055645942687988,19.0,diverged,2385755.982994358,5.687943126355565e-11,1.7949939365449052e-08,1.7202840829007663e-05,1.7202840829007663e-05,0.035515546798706,2385729.0368215023,5.4677041166436174e-11,4.5420114334755324e-08,1.107330666572818e-07,1.107330666572818e-07,1.9423625469207764,2385727.07707133,4.064258758666495e-06,3.4529937847222685e-06,3.819641680968655e-07,4.064258758666495e-06,,0.0485270023345947,2385730.241243319,9.169291557547952e-12,4.1907107546647056e-08,3.140291232441016e-07,3.140291232441016e-07,0.500403642654419,2385729.7562900763,2.1045720917939814e-06,4.454101872021271e-07,3.300987249067833e-07,2.1045720917939814e-06,0.0568042999366298,2385729.2697327654,1.06598414192046e-12,2.481222985292613e-16,2.0839545310224766e-07,2.0839545310224766e-07,,
MM_123_QSHIP12L,5427,5533,1045,0,1.6751930713653564,19.0,converged,3018876.7152314307,1.0697140573946876e-10,2.2975435361593863e-09,7.452686146243471e-08,7.452686146243471e-08,4.492709875106812,23.0,diverged,3019070.869894227,1.8565824305991094e-10,2.5465023298506703e-08,8.738524602804782e-05,8.738524602804782e-05,0.5137786865234375,3018876.6323915725,3.9840257747487584e-11,1.781627002482767e-09,2.2075992752435417e-08,2.2075992752435417e-08,12.023979425430298,3018875.546245796,1.405523795917173e-06,4.1952674572324093e-07,2.2686696748892762e-07,1.405523795917173e-06,,1.1097073554992676,3018885.96377976,6.749403000337083e-10,9.468958608072872e-07,9.349287589395056e-07,9.468958608072872e-07,1.5914041996002195,3018876.38820769,6.862289111539638e-07,2.489630439938829e-07,6.27252232960784e-08,6.862289111539638e-07,0.2239545000484213,3018876.661377244,4.729661066831493e-12,6.703210448750479e-11,3.3381737471341614e-08,3.3381737471341614e-08,,
MM_124_QSHIP12S,2763,2869,1045,0,0.593205451965332,16.0,converged,3056963.158738734,1.0517999213911806e-09,4.539805714733311e-10,5.09123705186663e-07,5.09123705186663e-07,1.106067419052124,20.0,diverged,3056992.887030764,3.3242260893441986e-11,1.924019283571281e-08,1.5102339297040322e-05,1.5102339297040322e-05,0.0410017967224121,3056962.717439933,7.247034448205896e-10,1.1078749304019369e-07,4.239749340266832e-07,4.239749340266832e-07,3.450275659561157,3056961.134698757,2.7731960644573e-06,6.421487969004578e-07,3.11822213374366e-07,2.7731960644573e-06,,0.0495214462280273,3056964.7131096404,1.7610688164299562e-10,1.199189233163612e-07,2.3093693537962722e-07,2.3093693537962722e-07,0.298107385635376,3056962.052324584,4.605665906739978e-07,5.50495321008291e-07,5.409849635901323e-08,5.50495321008291e-07,0.0619583999505266,3056962.2500592843,4.920574395820975e-12,6.63528239292459e-11,4.1124402935291856e-10,4.1124402935291856e-10,,
MM_125_QSIERRA,2036,4771,528,0,3.49934983253479,30.0,stalled,1114146509.1916342,0.0074360375367778,4.1066139645639356e-07,1.0000616604840438,1.0000616604840438,0.848804235458374,30.0,stalled,-3363817627.611592,0.3843590871268776,0.1014635038609971,0.9999997906238216,0.9999997906238216,0.0280005931854248,23750463.365428496,5.74367535860418e-13,7.275062735494676e-07,1.015249271926125e-06,1.015249271926125e-06,1.1311407089233398,23753166.721261557,4.401692110481681e-05,9.555702364631536e-07,2.0292782797681244e-05,4.401692110481681e-05,,0.0435292720794677,23750462.61037358,2.3753854356890443e-16,1.0086103129735925e-06,5.203415114281721e-07,1.0086103129735925e-06,0.3788752555847168,23752824.85659488,5.326061269441177e-07,1.8127744484244592e-05,3.944193113126777e-05,3.944193113126777e-05,0.0390730999642983,23750458.268004764,3.4351692151313264e-14,1.4927882860947876e-11,5.226674932487362e-09,5.226674932487362e-09,,
MM_126_QSTAIR,467,696,209,0,0.2544527053833008,30.0,stalled,39363.37769218163,0.7098607873787643,0.499342069000408,0.5877862201714052,0.7098607873787643,0.2526288032531738,30.0,stalled,7866369.694989147,0.0277128262223733,3.033836439783969e-05,0.0001859608012418,0.0277128262223733,0.0190093517303466,7985453.130648874,1.1693917714994096e-10,1.1682021893668763e-07,1.99446082381862e-07,1.99446082381862e-07,0.2150633335113525,7985452.337456363,2.1340435284470597e-07,5.3357581365569655e-08,1.0615652053473553e-07,2.1340435284470597e-07,,0.0335237979888916,7985452.731455272,5.0277940388817655e-11,5.150048594345622e-12,1.166611937603808e-09,1.166611937603808e-09,0.1455285549163818,7888065.074853822,0.0081181957234471,1.9044721705444643e-06,0.0026280355649175,0.0081181957234471,0.030376199982129,7985452.760052439,4.411733758136315e-13,1.5460050380363825e-11,2.676239228984664e-09,2.676239228984664e-09,,
MM_127_QSTANDAT,1075,1394,160,0,1.697615146636963,30.0,stalled,51814.41481209415,0.9866651585182004,0.0270804871106905,0.5779831252220261,0.9866651585182004,3.1965017318725586,29.0,diverged,6422.665030133911,6.590578559019552e-12,0.0044915131569933,0.0005655803610786,0.0044915131569933,0.0110001564025878,6411.840512448724,2.4907659392702598e-12,1.6403195294707557e-07,3.886700346342625e-07,3.886700346342625e-07,0.5551881790161133,6411.81948103831,4.95587425795601e-08,1.7163638919624535e-05,4.748278924417899e-06,1.7163638919624535e-05,,0.0110013484954833,6411.838472986939,6.673093822023118e-13,4.2642707248664375e-10,1.7724789526442938e-08,1.7724789526442938e-08,0.129037857055664,6596.139932743958,7.057986152036086e-05,0.0005767014911785,0.0329780619009535,0.0329780619009535,0.0191327000502496,6411.8395926465,2.489312644971517e-13,2.2877065396012307e-09,2.0480501504044134e-07,2.0480501504044134e-07,,
MM_128_S268,5,5,0,0,0.1505270004272461,7.0,converged,-14462.997749120972,0.0,3.983183845965441e-16,3.573786260622625e-07,3.573786260622625e-07,0.1375691890716552,8.0,converged,-14462.999660483532,0.0,6.803205775346041e-16,2.5180216724892265e-07,2.5180216724892265e-07,0.0040006637573242,-14462.99912638499,0.0,1.2646097259236585e-08,2.836930505857448e-07,2.836930505857448e-07,0.0670018196105957,-14462.99862470058,0.0,2.1199252957546892e-05,4.454043905749364e-05,4.454043905749364e-05,,0.0010008811950683,-14462.998721128366,0.0,1.014110393782756e-11,3.2025297687639706e-07,3.2025297687639706e-07,0.001000165939331,-14462.999765924063,0.0,1.7008178939630554e-07,1.9546736075447097e-06,1.9546736075447097e-06,0.0099722000304609,-14462.999604867637,0.0,2.031086262136181e-13,5.9144965884650074e-08,5.9144965884650074e-08,,
MM_129_STADAT1,2001,5999,0,0,0.263054609298706,16.0,diverged,-28526602.9646468,4.641852568720657e-06,3.674337448941156e-07,1.8138551034303295e-05,1.8138551034303295e-05,0.2971091270446777,32.0,diverged,-28526864.043472417,9.503292554529613e-11,4.002427698269933e-07,2.3892863133391744e-06,2.3892863133391744e-06,0.0495359897613525,-28526865.58068448,1.596553124824267e-08,1.4601980685004782e-09,7.836108175778884e-08,7.836108175778884e-08,,,,,,,"SolverError: Solver 'MOSEK' failed. Try another solver, or solve with verbose=True for more information.",0.023000955581665,-28526864.00338066,6.272193657620243e-10,1.2026261025377422e-09,2.731025443200691e-07,2.731025443200691e-07,0.4023187160491943,-28698888.020755637,0.0086918800884166,0.0022949002205776,0.0006815824459191,0.0086918800884166,0.0911879000486806,-28699270.875748668,0.0106629371964138,9.668554989343227e-10,0.0002076654301113,0.0106629371964138,,
MM_130_STADAT2,2001,5999,0,0,0.2905836105346679,28.0,converged,-32.62666410625746,1.6537524061277506e-09,2.95672996425001e-09,1.2889764683969116e-07,1.2889764683969116e-07,0.2640635967254638,32.0,converged,-32.62666071984921,7.697917681070976e-10,2.8304364282009872e-09,4.288287529185915e-07,4.288287529185915e-07,0.0190062522888183,-32.62665890637172,4.6238255890784783e-10,1.5938555884735044e-08,6.727243335437247e-07,6.727243335437247e-07,1.1901915073394775,-32.593916002971724,0.0,6.252334566258851e-06,0.0003238770190983,0.0003238770190983,,0.0875258445739746,-32.62666783188922,6.211512300069444e-09,3.864031884868194e-10,4.8504005551498725e-08,4.8504005551498725e-08,0.412794828414917,-35.27950836500628,0.0074697421641972,0.0014825048594999,0.0153635018979188,0.0153635018979188,0.0531138000078499,-32.62665722116304,0.0,4.6984073065879634e-14,3.270841060329196e-07,3.270841060329196e-07,,
MM_131_STADAT3,4001,11999,0,0,0.4552395343780517,32.0,converged,-35.77945295414729,3.6843630368821325e-10,3.897846567834874e-09,1.2639626641798806e-09,3.897846567834874e-09,0.5016753673553467,46.0,converged,-35.779453023754684,5.926267476752401e-10,4.0219804089535576e-09,1.8558594981541995e-08,1.8558594981541995e-08,0.0290014743804931,-35.77945150729735,5.673791747540236e-10,5.741482263802653e-09,1.0153080653144063e-06,1.0153080653144063e-06,3.740102767944336,-35.712356368027244,0.0,1.2114033222461457e-05,0.0005725578922506,0.0005725578922506,,0.2379581928253173,-35.7794817524549,5.477635568240657e-08,1.4385400377525675e-09,3.3613437615859016e-07,3.3613437615859016e-07,0.827146053314209,-38.87879088535719,0.0244818522352776,0.0001706288023631,0.00853866431642,0.0244818522352776,0.1247114000143483,-35.779451127383176,5.254696588962506e-10,2.4824817848088423e-14,7.951383513430123e-08,7.951383513430123e-08,,
MM_132_STCQP1,4097,8194,2052,0,0.3198082447052002,11.0,converged,155143.54193778758,4.6266108072883916e-08,5.3926774551002884e-08,2.9663721761385863e-08,5.3926774551002884e-08,0.2851123809814453,8.0,converged,155143.56616660717,1.9692965206870964e-11,2.3988845253193278e-15,1.5681591528156262e-07,1.5681591528156262e-07,0.071049690246582,155143.5622656002,1.1347077124061552e-12,5.163916992360949e-07,1.296055061351918e-07,5.163916992360949e-07,0.4282040596008301,155143.6293362041,3.4160708450004814e-16,0.0002519718104928,0.000308085519357,0.000308085519357,,0.3237671852111816,155143.56518940502,6.83214169000096e-16,1.6687923592177878e-15,2.101749462205848e-07,2.101749462205848e-07,0.0269999504089355,155143.55470944106,7.150305555739082e-09,1.933962887153929e-09,6.132972901756535e-11,7.150305555739082e-09,0.0269680999917909,155143.5682515358,3.757677929500529e-15,7.527774871698192e-10,1.3899733795526689e-07,1.3899733795526689e-07,,
MM_133_STCQP2,4097,8194,2052,0,0.3723843097686767,11.0,converged,22327.304250610418,4.068070543675836e-07,5.145240260751744e-07,7.714850525914834e-09,5.145240260751744e-07,0.3342230319976806,9.0,converged,22327.316724628938,2.73859567501976e-12,4.6597442098102556e-15,3.437840603778738e-07,3.437840603778738e-07,0.1760997772216797,22327.31423012775,6.859470256760679e-14,2.912100233766828e-07,9.158718794583635e-08,2.912100233766828e-07,0.4494543075561523,22327.32362890766,1.708035422500241e-17,0.0001500313152473,5.44911251328269e-05,0.0001500313152473,,0.5489356517791748,22327.314685834743,7.515355859001056e-16,1.346150864128532e-15,2.206035025873944e-07,2.206035025873944e-07,0.0485363006591796,22327.313027781747,2.164158616899788e-06,4.279320561766887e-09,1.09149238145555e-08,2.164158616899788e-06,0.1161595999728888,22327.328321450877,0.0,3.629305169459077e-09,1.3192292787662069e-06,1.3192292787662069e-06,,
MM_134_TAME,2,2,1,0,0.1325278282165527,5.0,converged,0.0,3.1967312130731784e-10,2.5533892139809515e-09,2.3118741719437403e-08,2.3118741719437403e-08,0.1325368881225586,5.0,converged,0.0,4.2299980185234176e-10,1.4138103487738876e-08,1.6590542629483318e-07,1.6590542629483318e-07,0.0029997825622558,1.232595164407831e-32,8.675934356507385e-08,9.984973489402e-07,9.984973485180652e-07,9.984973489402e-07,0.0655157566070556,1.7257540205527708e-22,5.551115123125783e-17,2.627359672548905e-11,1.0509460715556039e-10,1.0509460715556039e-10,,0.0009994506835937,0.0,1.9428902930940204e-15,7.463509635162542e-08,8.109898314673033e-09,7.463509635162542e-08,0.0,0.0,1.851301889223328e-10,2.4951142096699318e-09,2.4951142096699318e-09,2.4951142096699318e-09,0.010273199994117,0.0,0.0,2.6631290538386973e-07,2.6631290538386973e-07,2.6631290538386973e-07,,
MM_135_UBH1,18009,12030,12000,0,0.481769323348999,8.0,diverged,1.7358675564739569e-06,0.015087461658037,1.3814330324612082e-09,0.0006830111571718,0.015087461658037,0.5357503890991211,10.0,converged,1.1160006690509685,1.252392531861082e-09,6.952316935737534e-14,5.4478967185383656e-08,5.4478967185383656e-08,0.0526914596557617,1.116000815695438,4.288097654734751e-13,7.217694387882002e-13,7.781701221947781e-07,7.781701221947781e-07,138.83959031105042,1.116001396935276,2.728513008633325e-06,0.0001244613670252,8.317457162361513e-05,0.0001244613670252,,0.1410434246063232,1.1163711524523938,2.0239572170600603e-11,3.7899072606674653e-08,7.319125637439122e-08,7.319125637439122e-08,2.3468775749206543,1.1177494343454408,3.6840830732917015e-06,3.818180072236559e-08,0.0381018302831097,0.0381018302831097,0.0468313000164926,1.1160008156948036,4.3610848246965655e-10,7.880076184718444e-12,1.8585210216295847e-11,4.3610848246965655e-10,,
MM_136_YAO,2002,2005,0,0,0.2606844902038574,30.0,stalled,-270.8402656660038,0.0037946542761502,1.1219597279063622e-05,0.0036344340542167,0.0037946542761502,0.2380537986755371,30.0,stalled,-270.98478542087946,0.0035484379031419,0.0020518263230868,0.0030385467073689,0.0035484379031419,0.0340478420257568,-75.42073517125526,1.4858261028857718e-17,1.61807433383889e-07,1.426043604287251e-07,1.61807433383889e-07,0.1790468692779541,-75.42229997000777,1.1509922909217046e-10,0.00036448295468,0.0001265015465533,0.00036448295468,,0.046527624130249,-151.54053492170897,4.367552045844969e-06,7.896815473983315e-11,2.9339361201414275e-08,4.367552045844969e-06,0.2557804584503174,-267.5138566466544,0.0003514463025466,0.0005412184560014,0.0094602670639885,0.0094602670639885,0.0463601000374183,-75.4207433171265,4.345355905111258e-15,1.3758672401888195e-06,1.0014527230759812e-08,1.3758672401888195e-06,,
MM_137_ZECEVIC2,2,6,0,0,0.1486644744873047,5.0,converged,-4.12499982306544,0.0,6.522560269672796e-14,9.278717297113878e-07,9.278717297113878e-07,0.1365702152252197,7.0,converged,-4.124999994444651,0.0,1.75226388954286e-10,5.4803920146644505e-08,5.4803920146644505e-08,0.0030000209808349,-4.124999988878158,0.0,9.122536059891218e-12,1.9941376672236817e-08,1.9941376672236817e-08,0.0645279884338378,-4.124999999556656,0.0,5.316419526835148e-11,6.254197160701427e-11,6.254197160701427e-11,,0.001000165939331,-4.124999984682637,0.0,1.282045025696732e-10,1.8202065875517743e-08,1.8202065875517743e-08,0.0,-4.125002188399042,9.947268376674469e-08,2.3931423509537808e-08,3.996888925322953e-07,3.996888925322953e-07,0.0102626000298187,-4.124999661914599,0.0,6.396947777043138e-08,6.923398456665053e-07,6.923398456665053e-07,,
